Channel 1,Channel 2,Channel 3,Channel 4,Channel 5,Channel 6,Channel 7,Channel 8,Channel 9,Channel 10
0,0,0,0,0,0,0,0,0,0
0,0,0,0,0,0,0,0,0,0
0,0,0,0,0,0,0,0,0,0
0,0,0,0,0,0,0,0,0,0
0,0,0,0,0,0,0,0,0,0
0,0,0,0,0,0,0,0,0,0
0,0,0,0,0,0,0,0,0,0
0,0,0,0,0,0,0,0,0,0
0,0,0,0,0,0,0,0,0,0
0,0,0,0,0,0,0,0,0,0
0,0,0,0,0,0,0,0,0,0
0,0,0,0,0,0,0,0,0,0
0,0,0,0,0,0,0,0,0,0
0,0,0,0,0,0,0,0,0,0
0,0,0,0,0,0,0,0,0,0
0,0,0,0,0,0,0,0,0,0
0,0,0,0,0,0,0,0,0,0
0,0,0,0,0,0,0,0,0,0
0,0,0,0,0,0,0,0,0,0
0,0,0,0,0,0,0,0,0,0
0,0,0,0,0,0,0,0,0,0
0,0,0,0,0,0,0,0,0,0
0,0,0,0,0,0,0,0,0,0
0,0,0,0,0,0,0,0,0,0
0,0,0,0,0,0,0,0,0,0
0,0,0,0,0,0,0,0,0,0
0,0,0,0,0,0,0,0,0,0
0,0,0,0,0,0,0,0,0,0
0,0,0,0,0,0,0,0,0,0
0,0,0,0,0,0,0,0,0,0
0,0,0,0,0,0,0,0,0,0
0,0,0,0,0,0,0,0,0,0
0,0,0,0,0,0,0,0,0,0
0,0,0,0,0,0,0,0,0,0
0,0,0,0,0,0,0,0,0,0
0,0,0,0,0,0,0,0,0,0
0,0,0,0,0,0,0,0,0,0
0,0,0,0,0,0,0,0,0,0
0,0,0,0,0,0,0,0,0,0
0,0,0,0,0,0,0,0,0,0
0,0,0,0,0,0,0,0,0,0
0,0,0,0,0,0,0,0,0,0
0,0,0,0,0,0,0,0,0,0
0,0,0,0,0,0,0,0,0,0
0,0,0,0,0,0,0,0,0,0
0,0,0,0,0,0,0,0,0,0
0,0,0,0,0,0,0,0,0,0
0,0,0,0,0,0,0,0,0,0
0,0,0,0,0,0,0,0,0,0
0,0,0,0,0,0,0,0,0,0
0,0,0,0,0,0,0,0,0,0
0,0,0,0,0,0,0,0,0,0
0,0,0,0,0,0,0,0,0,0
0,0,0,0,0,0,0,0,0,0
0,0,0,0,0,0,0,0,0,0
0,0,0,0,0,0,0,0,0,0
0,0,0,0,0,0,0,0,0,0
0,0,0,0,0,0,0,0,0,0
0,0,0,0,0,0,0,0,0,0
0,0,0,0,0,0,0,0,0,0
0,0,0,0,0,0,0,0,0,0
0,0,0,0,0,0,0,0,0,0
0,0,0,0,0,0,0,0,0,0
0,0,0,0,0,0,0,0,0,0
0,0,0,0,0,0,0,0,0,0
0,0,0,0,0,0,0,0,0,0
0,0,0,0,0,0,0,0,0,0
0,0,0,0,0,0,0,0,0,0
0,0,0,0,0,0,0,0,0,0
0,0,0,0,0,0,0,0,0,0
0,0,0,0,0,0,0,0,0,0
0,0,0,0,0,0,0,0,0,0
0,0,0,0,0,0,0,0,0,0
0,0,0,0,0,0,0,0,0,0
0,0,0,0,0,0,0,0,0,0
0,0,0,0,0,0,0,0,0,0
0,0,0,0,0,0,0,0,0,0
0,0,0,0,0,0,0,0,0,0
0,0,0,0,0,0,0,0,0,0
0,0,0,0,0,0,0,0,0,0
0,0,0,0,0,0,0,0,0,0
0,0,0,0,0,0,0,0,0,0
0,0,0,0,0,0,0,0,0,0
0,0,0,0,0,0,0,0,0,0
0,0,0,0,0,0,0,0,0,0
0,0,0,0,0,0,0,0,0,0
0,0,0,0,0,0,0,0,0,0
0,0,0,0,0,0,0,0,0,0
0,0,0,0,0,0,0,0,0,0
0,0,0,0,0,0,0,0,0,0
0,0,0,0,0,0,0,0,0,0
0,0,0,0,0,0,0,0,0,0
0,0,0,0,0,0,0,0,0,0
0,0,0,0,0,0,0,0,0,0
0,0,0,0,0,0,0,0,0,0
0,0,0,0,0,0,0,0,0,0
0,0,0,0,0,0,0,0,0,0
0,0,0,0,0,0,0,0,0,0
0,0,0,0,0,0,0,0,0,0
0,0,0,0,0,0,0,0,0,0
0,0,0,0,0,0,0,0,0,0
0,0,0,0,0,0,0,0,0,0
0,0,0,0,0,0,0,0,0,0
0,0,0,0,0,0,0,0,0,0
0,0,0,0,0,0,0,0,0,0
0,0,0,0,0,0,0,0,0,0
0,0,0,0,0,0,0,0,0,0
0,0,0,0,0,0,0,0,0,0
0,0,0,0,0,0,0,0,0,0
0,0,0,0,0,0,0,0,0,0
0,0,0,0,0,0,0,0,0,0
0,0,0,0,0,0,0,0,0,0
0,0,0,0,0,0,0,0,0,0
0,0,0,0,0,0,0,0,0,0
0,0,0,0,0,0,0,0,0,0
0,0,0,0,0,0,0,0,0,0
0,0,0,0,0,0,0,0,0,0
0,0,0,0,0,0,0,0,0,0
0,0,0,0,0,0,0,0,0,0
0,0,0,0,0,0,0,0,0,0
0,0,0,0,0,0,0,0,0,0
0,0,0,0,0,0,0,0,0,0
0,0,0,0,0,0,0,0,0,0
0,0,0,0,0,0,0,0,0,0
0,0,0,0,0,0,0,0,0,0
0,0,0,0,0,0,0,0,0,0
0,0,0,0,0,0,0,0,0,0
0,0,0,0,0,0,0,0,0,0
0,0,0,0,0,0,0,0,0,0
0,0,0,0,0,0,0,0,0,0
0,0,0,0,0,0,0,0,0,0
0,0,0,0,0,0,0,0,0,0
0,0,0,0,0,0,0,0,0,0
0,0,0,0,0,0,0,0,0,0
0,0,0,0,0,0,0,0,0,0
0,0,0,0,0,0,0,0,0,0
0,0,0,0,0,0,0,0,0,0
0,0,0,0,0,0,0,0,0,0
0,0,0,0,0,0,0,0,0,0
0,0,0,0,0,0,0,0,0,0
0,0,0,0,0,0,0,0,0,0
0,0,0,0,0,0,0,0,0,0
0,0,0,0,0,0,0,0,0,0
0,0,0,0,0,0,0,0,0,0
0,0,0,0,0,0,0,0,0,0
0,0,0,0,0,0,0,0,0,0
0,0,0,0,0,0,0,0,0,0
0,0,0,0,0,0,0,0,0,0
0,0,0,0,0,0,0,0,0,0
0,0,0,0,0,0,0,0,0,0
0,0,0,0,0,0,0,0,0,0
0,0,0,0,0,0,0,0,0,0
0,0,0,0,0,0,0,0,0,0
0,0,0,0,0,0,0,0,0,0
0,0,0,0,0,0,0,0,0,0
0,0,0,0,0,0,0,0,0,0
0,0,0,0,0,0,0,0,0,0
0,0,0,0,0,0,0,0,0,0
0,0,0,0,0,0,0,0,0,0
0,0,0,0,0,0,0,0,0,0
0,0,0,0,0,0,0,0,0,0
0,0,0,0,0,0,0,0,0,0
0,0,0,0,0,0,0,0,0,0
0,0,0,0,0,0,0,0,0,0
0,0,0,0,0,0,0,0,0,0
0,0,0,0,0,0,0,0,0,0
0,0,0,0,0,0,0,0,0,0
0,0,0,0,0,0,0,0,0,0
0,0,0,0,0,0,0,0,0,0
0,0,0,0,0,0,0,0,0,0
0,0,0,0,0,0,0,0,0,0
0,0,0,0,0,0,0,0,0,0
0,0,0,0,0,0,0,0,0,0
0,0,0,0,0,0,0,0,0,0
0,0,0,0,0,0,0,0,0,0
0,0,0,0,0,0,0,0,0,0
0,0,0,0,0,0,0,0,0,0
0,0,0,0,0,0,0,0,0,0
0,0,0,0,0,0,0,0,0,0
0,0,0,0,0,0,0,0,0,0
0,0,0,0,0,0,0,0,0,0
0,0,0,0,0,0,0,0,0,0
0,0,0,0,0,0,0,0,0,0
0,0,0,0,0,0,0,0,0,0
0,0,0,0,0,0,0,0,0,0
0,0,0,0,0,0,0,0,0,0
0,0,0,0,0,0,0,0,0,0
0,0,0,0,0,0,0,0,0,0
0,0,0,0,0,0,0,0,0,0
0,0,0,0,0,0,0,0,0,0
0,0,0,0,0,0,0,0,0,0
0,0,0,0,0,0,0,0,0,0
0,0,0,0,0,0,0,0,0,0
0,0,0,0,0,0,0,0,0,0
0,0,0,0,0,0,0,0,0,0
0,0,0,0,0,0,0,0,0,0
0,0,0,0,0,0,0,0,0,0
0,0,0,0,0,0,0,0,0,0
0,0,0,0,0,0,0,0,0,0
0,0,0,0,0,0,0,0,0,0
0,0,0,0,0,0,0,0,0,0
0,0,0,0,0,0,0,0,0,0
0,0,0,0,0,0,0,0,0,0
0,0,0,0,0,0,0,0,0,0
0,0,0,0,0,0,0,0,0,0
0,0,0,0,0,0,0,0,0,0
0,0,0,0,0,0,0,0,0,0
0,0,0,0,0,0,0,0,0,0
0,0,0,0,0,0,0,0,0,0
0,0,0,0,0,0,0,0,0,0
0,0,0,0,0,0,0,0,0,0
0,0,0,0,0,0,0,0,0,0
0,0,0,0,0,0,0,0,0,0
0,0,0,0,0,0,0,0,0,0
0,0,0,0,0,0,0,0,0,0
0,0,0,0,0,0,0,0,0,0
0,0,0,0,0,0,0,0,0,0
0,0,0,0,0,0,0,0,0,0
0,0,0,0,0,0,0,0,0,0
0,0,0,0,0,0,0,0,0,0
0,0,0,0,0,0,0,0,0,0
0,0,0,0,0,0,0,0,0,0
0,0,0,0,0,0,0,0,0,0
0,0,0,0,0,0,0,0,0,0
0,0,0,0,0,0,0,0,0,0
0,0,0,0,0,0,0,0,0,0
0,0,0,0,0,0,0,0,0,0
0,0,0,0,0,0,0,0,0,0
0,0,0,0,0,0,0,0,0,0
0,0,0,0,0,0,0,0,0,0
0,0,0,0,0,0,0,0,0,0
0,0,0,0,0,0,0,0,0,0
0,0,0,0,0,0,0,0,0,0
0,0,0,0,0,0,0,0,0,0
0,0,0,0,0,0,0,0,0,0
0,0,0,0,0,0,0,0,0,0
0,0,0,0,0,0,0,0,0,0
0,0,0,0,0,0,0,0,0,0
0,0,0,0,0,0,0,0,0,0
0,0,0,0,0,0,0,0,0,0
0,0,0,0,0,0,0,0,0,0
0,0,0,0,0,0,0,0,0,0
0,0,0,0,0,0,0,0,0,0
0,0,0,0,0,0,0,0,0,0
0,0,0,0,0,0,0,0,0,0
0,0,0,0,0,0,0,0,0,0
0,0,0,0,0,0,0,0,0,0
0,0,0,0,0,0,0,0,0,0
0,0,0,0,0,0,0,0,0,0
0,0,0,0,0,0,0,0,0,0
0,0,0,0,0,0,0,0,0,0
0,0,0,0,0,0,0,0,0,0
0,0,0,0,0,0,0,0,0,0
0,0,0,0,0,0,0,0,0,0
0,0,0,0,0,0,0,0,0,0
0,0,0,0,0,0,0,0,0,0
0,0,0,0,0,0,0,0,0,0
0,0,0,0,0,0,0,0,0,0
0,0,0,0,0,0,0,0,0,0
0,0,0,0,0,0,0,0,0,0
0,0,0,0,0,0,0,0,0,0
0,0,0,0,0,0,0,0,0,0
0,0,0,0,0,0,0,0,0,0
0,0,0,0,0,0,0,0,0,0
0,0,0,0,0,0,0,0,0,0
0,0,0,0,0,0,0,0,0,0
0,0,0,0,0,0,0,0,0,0
0,0,0,0,0,0,0,0,0,0
-0.385,-1.7675,-0.4025,0.365142,-0.795236,0.570224,-1523,-44,16839,0.001192
-1.05,-1.1025,0.49,0.382982,-0.834289,0.571926,-1503,-20,16720,0.001192
-3.78,-3.99,3.395,0.366151,-0.802942,0.577207,-1520,-80,16937,0.001191
-0.8225,-0.6475,0.2625,0.362682,-0.816605,0.60464,-1519,-72,16962,0.001192
-3.99,-4.2175,0.035,0.366437,-0.861445,0.592655,-1482,-75,16948,0.001192
3.43,0.945,-0.175,0.373186,-0.860391,0.622679,-1507,-87,16857,0.001192
-3.78,1.3825,-0.63,0.341184,-0.888425,0.61966,-1490,-74,16926,0.001191
0.7,0.945,-3.99,0.295134,-0.847255,0.646399,-1526,-52,16911,0.001191
-0.385,1.1725,0.2625,0.281972,-0.851818,0.646902,-1487,-84,16917,0.00119
0.2625,-1.7675,0.2625,0.303165,-0.881986,0.61018,-1484,-65,16931,0.001192
-0.385,1.155,1.3825,0.289882,-0.878144,0.612178,-1514,-78,16915,0.001192
0.7,-1.33,0.49,0.317487,-0.862448,0.615587,-1513,-89,16881,0.001192
0.7,0.49,0.2625,0.330512,-0.85547,0.614161,-1499,-55,16910,0.001191
0.2625,-0.1925,-0.175,0.338758,-0.850809,0.598655,-1497,-80,16866,0.001191
-0.175,4.515,0.2625,0.3043,-0.877218,0.594552,-1507,-51,16837,0.001191
0.2625,4.515,-3.99,0.354161,-0.904165,0.574369,-1492,-34,16811,0.001192
3.22,2.485,3.185,0.327349,-0.926413,0.62615,-1517,-95,16906,0.001192
4.305,-1.7675,0.9275,0.327399,-0.925294,0.636416,-1542,-110,17044,0.001192
-0.385,-1.785,0.7175,0.335734,-0.962499,0.662153,-1502,-103,16999,0.001192
-0.175,-1.995,-0.175,0.35351,-0.944643,0.622974,-1506,-44,16865,0.001193
0.0525,-0.6475,-0.4025,0.358194,-0.928179,0.629203,-1507,-81,16862,0.001192
-1.26,-3.99,-4.2175,0.36173,-0.902628,0.621453,-1503,-55,16802,0.001192
-2.905,-4.2175,-0.63,0.325536,-0.905433,0.617666,-1520,-39,16855,0.001192
2.45,-1.5575,-0.175,0.3648,-0.896564,0.625999,-1509,-60,16678,0.001192
0.49,-3.36,3.6225,0.334411,-0.892006,0.592742,-1518,-35,16921,0.001192
-0.6125,-0.6475,-3.7625,0.336601,-0.884324,0.597997,-1491,-102,16956,0.001192
-3.5525,-4.2175,4.0775,0.294841,-0.885378,0.579114,-1519,-77,16946,0.001192
-1.4875,-0.1925,-4.445,0.308906,-0.863053,0.597609,-1509,-89,16924,0.001192
-1.4875,-1.5575,0.2625,0.309251,-0.893233,0.567268,-1491,-93,16852,0.001193
-3.5525,-3.325,3.6225,0.322786,-0.904623,0.578727,-1499,-51,16848,0.001192
1.575,-1.7675,4.0775,0.315666,-0.859158,0.550242,-1505,-61,16912,0.001192
1.1375,1.3825,1.155,0.315513,-0.860995,0.594534,-1489,-70,16915,0.001192
-0.8225,4.515,0.035,0.276239,-0.876219,0.562986,-1504,-78,16953,0.001191
0.49,0.945,3.185,0.257158,-0.904716,0.535679,-1490,-107,16954,0.001191
-0.385,-0.875,0.035,0.23045,-0.893574,0.540698,-1499,-109,16921,0.00119
-0.175,4.515,-4.445,0.231216,-0.895788,0.539376,-1494,-75,16900,0.001191
-3.99,-3.7625,0.035,0.180223,-0.903725,0.556141,-1534,-72,16914,0.001192
-1.4875,-1.1025,0.035,0.185305,-0.903321,0.519787,-1496,-82,16884,0.001192
4.305,-0.42,3.185,0.201848,-0.937155,0.557563,-1504,-54,16898,0.001191
0.7,-1.1025,4.0775,0.223947,-0.914316,0.58193,-1499,-53,16896,0.001191
1.3475,1.155,-0.175,0.209987,-0.897821,0.558048,-1501,-42,16932,0.001191
0.0525,0.7175,0.035,0.182418,-0.892034,0.515574,-1495,-77,16955,0.00119
0.2625,0.49,4.0775,0.178096,-0.90409,0.514458,-1535,-94,16928,0.001191
-1.6975,-1.1025,-3.7625,0.178583,-0.938236,0.489336,-1495,-60,16846,0.001192
-3.78,-0.6475,4.0775,0.181747,-0.964669,0.505177,-1515,-80,16834,0.001192
1.1375,0.2625,-0.175,0.193337,-1.00388,0.482296,-1540,-53,16861,0.001192
-2.2575,0.7175,0.2625,0.20666,-1.00188,0.444646,-1529,-66,16934,0.001192
-0.385,-0.875,-0.8575,0.222569,-0.972118,0.472411,-1482,-94,16940,0.001192
0.9275,-1.7675,1.61,0.250233,-0.94788,0.461397,-1487,-76,16929,0.001192
-2.905,4.06,-1.75,0.240245,-0.92922,0.452018,-1526,-84,16943,0.001192
-0.385,-3.325,4.0775,0.209729,-0.936714,0.483331,-1484,-68,16915,0.001192
3.8675,0.49,1.155,0.250334,-0.923481,0.473474,-1507,-56,16910,0.001192
-2.7825,-1.1025,-0.63,0.250693,-0.917663,0.430798,-1496,-40,16856,0.001192
0.2625,-0.42,0.7175,0.256257,-0.924178,0.433648,-1522,-78,16889,0.001192
0.7,-1.7675,-2.6425,0.251016,-0.957157,0.424517,-1482,-123,16960,0.001192
0.0525,0.2625,0.9275,0.265518,-0.967542,0.43118,-1520,-74,16882,0.001192
0.49,-0.875,-0.175,0.297729,-0.966473,0.418098,-1497,-53,16870,0.001192
0.7,0.945,0.9275,0.307273,-0.957094,0.431142,-1509,-74,16918,0.001192
0.9275,-3.7625,0.2625,0.299688,-0.921957,0.415191,-1485,-57,16883,0.001191
0.2625,4.515,-0.175,0.258339,-0.94939,0.465365,-1495,-56,16874,0.001191
0.2625,-0.42,3.395,0.25991,-0.99125,0.498408,-1494,-55,16857,0.001191
-0.6125,-0.875,0.9275,0.270304,-0.997107,0.497081,-1484,-50,16801,0.001191
-3.99,4.2875,3.395,0.277694,-1.00777,0.525369,-1514,-68,16890,0.001192
2.7825,2.9225,3.85,0.245949,-1.03232,0.559878,-1528,-85,16945,0.001191
0.2625,2.7125,0.49,0.245491,-1.00266,0.54727,-1493,-60,16878,0.001191
0.9275,-0.42,0.9275,0.257114,-1.0011,0.561622,-1503,-68,16873,0.001191
3.8675,0.49,-1.085,0.250714,-0.994651,0.569077,-1494,-82,16903,0.001191
-0.385,1.3825,0.7175,0.266372,-1.00303,0.570174,-1514,-67,16862,0.001192
4.095,4.06,0.035,0.286363,-0.997459,0.562937,-1516,-36,16933,0.001192
-1.05,-0.42,3.6225,0.295819,-0.990392,0.520694,-1515,-49,16862,0.001192
-4.2175,-0.875,-4.445,0.330308,-0.958832,0.50392,-1505,-69,16883,0.001192
3.43,-1.7675,3.6225,0.330494,-0.912823,0.507646,-1468,-85,16929,0.001192
0.0525,0.035,3.6225,0.36385,-0.903635,0.477427,-1515,-76,16898,0.001192
-3.99,1.8375,0.49,0.34559,-0.891304,0.478608,-1494,-89,16946,0.001191
3.43,0.945,0.7175,0.31933,-0.898268,0.483995,-1503,-67,16907,0.001191
-0.8225,0.2625,0.49,0.310073,-0.910693,0.526082,-1479,-75,16858,0.001192
-3.78,-0.6475,0.2625,0.296141,-0.919653,0.534029,-1513,-32,16816,0.001192
-0.6125,-0.6475,-3.5525,0.334178,-0.930903,0.517955,-1504,-41,16879,0.001191
0.7,-3.325,0.49,0.30937,-0.974213,0.552261,-1486,-54,16909,0.001191
0.49,-1.33,0.49,0.306412,-1.01414,0.572397,-1507,-35,16905,0.001191
0.0525,-0.1925,0.035,0.305903,-1.00988,0.580158,-1521,-49,16898,0.001191
3.6575,-3.0975,-0.175,0.353089,-1.01317,0.582766,-1542,-66,16918,0.001192
-0.6125,-0.1925,3.6225,0.357927,-0.992979,0.595243,-1462,-75,16884,0.001192
3.8675,-3.325,4.0775,0.333791,-1.02974,0.592569,-1474,-57,16892,0.001192
-0.175,0.945,-4.445,0.338233,-1.04416,0.530621,-1499,-26,16855,0.00119
4.305,0.945,2.0475,0.336569,-1.04543,0.573686,-1518,-51,16873,0.001191
-0.385,-0.1925,-0.175,0.34119,-1.03744,0.532467,-1478,-63,16915,0.001192
-0.8225,2.065,2.73,0.299325,-1.02737,0.539365,-1489,-80,16926,0.001192
0.2625,0.035,3.395,0.305789,-1.05146,0.576425,-1510,-76,16888,0.001192
-4.2175,-0.6475,2.5025,0.248829,-1.04578,0.541748,-1508,-89,16868,0.001192
0.2625,0.49,-0.8575,0.265094,-1.04766,0.508854,-1520,-54,16906,0.001192
-3.78,0.49,-0.4025,0.242324,-1.04847,0.521222,-1500,-50,16864,0.001192
-1.05,0.945,3.185,0.25715,-1.06531,0.49067,-1479,-74,16879,0.001192
0.0525,0.945,-0.63,0.276073,-1.07515,0.443322,-1499,-46,16840,0.001192
-3.3425,0.035,-0.8575,0.290888,-1.09034,0.449361,-1504,-54,16916,0.001192
-1.26,2.2575,-4.655,0.265441,-1.04483,0.48335,-1486,-63,16929,0.001192
0.7,-1.33,0.2625,0.255371,-1.072,0.506529,-1516,-44,17114,0.001191
-4.2175,2.7125,0.7175,0.261721,-1.0622,0.511488,-1496,-43,16873,0.001191
4.095,2.485,1.155,0.29133,-1.01684,0.532847,-1503,-48,16859,0.001191
-1.05,0.035,-0.8575,0.275382,-1.00875,0.551376,-1513,-93,16888,0.001191
0.7,2.7475,3.395,0.30544,-0.987428,0.564977,-1506,-71,17141,0.001192
3.22,-0.1925,0.7175,0.29462,-1.00361,0.563341,-1507,-81,16897,0.001191
2.555,2.7125,0.035,0.305017,-1.0422,0.567579,-1495,-73,16916,0.001192
-3.99,-3.99,1.8375,0.263643,-1.04247,0.553665,-1481,-65,16924,0.001192
-0.175,0.49,3.85,0.266067,-1.01818,0.564372,-1482,-83,16869,0.001191
0.0525,-0.875,1.3825,0.248753,-1.01389,0.560309,-1548,-56,16852,0.001192
0.49,1.155,0.9275,0.221094,-1.02037,0.554979,-1524,-83,16927,0.001192
-0.175,2.52,0.035,0.197908,-1.02222,0.553655,-1505,-36,16865,0.001192
0.7,-1.54,0.035,0.154027,-1.03167,0.553316,-1534,-73,16913,0.001192
3.43,-3.535,3.6225,0.158127,-1.02249,0.564749,-1527,-75,16899,0.001192
4.305,-0.6475,-0.175,0.1903,-1.02745,0.537422,-1496,-94,16910,0.001192
0.49,0.945,-0.8575,0.20345,-1.03837,0.537159,-1488,-43,16858,0.001191
-3.3425,0.945,-0.4025,0.172728,-1.05515,0.545084,-1498,-41,16838,0.001191
-0.8225,0.49,-4.445,0.171139,-1.03415,0.519514,-1492,-62,16877,0.001192
-0.175,2.2575,3.185,0.191963,-1.06834,0.508609,-1535,-48,16899,0.001192
-0.8225,2.9225,3.85,0.234592,-1.05914,0.464279,-1498,-78,16882,0.001191
0.0525,-1.54,0.2625,0.242372,-1.06802,0.485887,-1494,-70,16834,0.001191
-4.4275,0.7175,-0.63,0.237308,-1.06007,0.487776,-1491,-86,16861,0.001191
0.49,-2.415,4.0775,0.221021,-1.03384,0.53703,-1512,-66,16897,0.001191
1.1375,1.1725,0.2625,0.222147,-1.02736,0.564592,-1520,-51,16922,0.001191
-3.78,3.15,-0.4025,0.265453,-1.06607,0.531081,-1483,-51,16883,0.001192
2.9925,-1.54,-0.8575,0.280959,-1.07077,0.519893,-1495,-73,16881,0.001192
-0.8225,-0.1925,0.035,0.259446,-1.06972,0.473288,-1530,-73,16903,0.001192
-4.2175,-1.33,-0.8575,0.250068,-1.07545,0.47651,-1527,-43,16889,0.001191
3.6575,-1.7675,0.49,0.233814,-1.07705,0.489926,-1494,-87,16898,0.001192
2.9925,2.94,0.49,0.270632,-1.0611,0.494902,-1541,-62,16891,0.001192
2.7825,1.155,-0.63,0.286144,-1.04746,0.492735,-1501,-88,16835,0.001192
0.0525,4.06,0.2625,0.27964,-1.0574,0.524182,-1505,-57,16845,0.001192
-0.385,0.945,0.7175,0.288157,-1.06132,0.49409,-1500,-81,16892,0.001192
2.345,-0.42,-0.8575,0.29484,-1.07322,0.524031,-1500,-75,16908,0.001192
-1.6975,3.3775,-0.175,0.341824,-1.09695,0.495602,-1506,-62,16918,0.001191
3.6575,2.7125,-3.7625,0.364875,-1.09853,0.485953,-1527,-65,16922,0.001192
3.6575,-1.1025,-3.99,0.400976,-1.09692,0.481381,-1485,-84,16888,0.001192
-0.385,-1.33,0.49,0.412444,-1.087,0.451567,-1501,-56,16850,0.001192
0.0525,-1.995,-3.99,0.423564,-1.08741,0.458813,-1518,-82,16904,0.001192
-3.3425,-4.2175,-3.5525,0.399443,-1.09111,0.452671,-1528,-37,16900,0.001191
0.7,-4.2175,-3.0975,0.436294,-1.06264,0.455162,-1513,-81,16646,0.001191
-0.175,-1.33,-0.63,0.431309,-1.07552,0.404234,-1513,-76,16913,0.001192
-0.175,0.035,0.9275,0.446525,-1.05932,0.377111,-1512,-92,16885,0.001191
-2.695,0.945,-0.4025,0.41961,-1.05944,0.385943,-1486,-59,16867,0.001191
0.7,1.3825,0.7175,0.429905,-1.0459,0.397439,-1500,-54,16906,0.001191
3.6575,-0.1925,0.9275,0.393183,-1.00543,0.410464,-1496,-88,16892,0.001191
1.1375,3.3775,-3.325,0.386249,-0.997291,0.407737,-1498,-59,16900,0.001191
-1.05,-3.5875,1.155,0.395894,-0.99563,0.443629,-1513,-77,16899,0.001191
-4.4275,-3.7625,-3.99,0.381294,-0.997104,0.447809,-1527,-29,16886,0.001192
-0.6125,-0.1925,-4.445,0.373448,-1.01103,0.435511,-1516,-115,16870,0.001191
-0.6125,-1.995,3.185,0.378681,-0.990888,0.453208,-1500,-65,16887,0.001191
3.6575,-1.995,0.49,0.401896,-0.971923,0.444087,-1498,-105,16965,0.001191
0.49,-2.45,0.7175,0.419888,-0.95243,0.455532,-1522,-96,16913,0.001191
-1.26,-0.875,0.035,0.407124,-0.951774,0.454038,-1532,-111,16980,0.001192
-9.0125,2.2925,-0.175,0.447176,-0.963367,0.453522,-1501,-129,16847,0.00119
3.9725,-1.1025,0.2625,0.494083,-0.96461,0.439544,-1464,172,16251,0.001191
2.2225,4.2875,-3.0975,0.41998,-0.957649,0.436519,-1611,-377,17961,0.001192
0.0525,0.035,-0.4025,0.423647,-0.913624,0.429808,-1483,25,17359,0.001192
-1.6975,4.515,0.2625,0.40673,-0.89145,0.462855,-1563,-322,17466,0.001192
-3.01,3.8325,-0.4025,0.463552,-0.91463,0.462571,-1367,57,16230,0.001191
1.575,3.15,-0.4025,0.472433,-0.948162,0.469484,-1501,-94,16634,0.001191
2.9925,2.485,-3.7625,0.443721,-0.938356,0.440185,-1486,-15,16829,0.001192
2.66,-2.1875,-4.445,0.479789,-0.941767,0.485331,-1639,-99,17183,0.001192
-0.385,-0.875,0.7175,0.445247,-0.925406,0.5053,-1620,-137,17261,0.001192
-3.5525,-0.1925,-0.4025,0.463026,-0.919095,0.489214,-1549,-55,16848,0.001192
-2.905,-0.875,0.2625,0.461557,-0.920556,0.495166,-1506,-86,16719,0.001193
-2.3625,-1.5575,-0.175,0.454117,-0.891113,0.493024,-1484,-64,16724,0.001192
1.3475,-4.2175,-3.99,0.499153,-0.854167,0.456031,-1446,-24,16777,0.001192
0.2625,-3.535,-0.63,0.476953,-0.841521,0.452605,-1483,-117,17040,0.001192
-0.385,-1.995,-0.8575,0.465913,-0.832774,0.442192,-1490,-65,17011,0.001192
2.45,-0.875,-0.63,0.464805,-0.835621,0.437365,-1501,-84,17030,0.001193
7.245,-3.7625,0.49,0.478461,-0.815273,0.39851,-1580,70,17230,0.001192
-0.6125,4.515,3.6225,0.357435,-0.779197,0.400902,-1706,-385,17694,0.001192
-3.885,2.065,-0.175,0.431026,-0.80835,0.426382,-1459,57,16661,0.001192
-2.5725,0.945,-0.175,0.444065,-0.81093,0.467005,-1400,122,15545,0.001192
-0.175,-2.6425,0.035,0.468038,-0.828211,0.462926,-1430,-59,16156,0.001192
3.9725,-3.7625,1.61,0.440905,-0.848847,0.463956,-1471,-46,17249,0.001191
3.6575,-1.1025,-0.175,0.418805,-0.837091,0.460502,-1557,-206,17731,0.001191
0.49,2.485,1.3825,0.401251,-0.843259,0.461559,-1498,-41,17192,0.001192
-1.4875,-0.875,0.7175,0.382342,-0.826614,0.486772,-1523,-140,16806,0.001192
-2.345,-0.875,0.9275,0.425814,-0.822739,0.4867,-1480,85,16163,0.001191
3.0975,-3.325,0.49,0.422,-0.827693,0.492202,-1540,-181,17176,0.001191
0.49,-1.33,0.035,0.387295,-0.858615,0.509087,-1525,-213,17297,0.001191
1.575,-0.42,0.49,0.349643,-0.86375,0.552075,-1526,-153,17054,0.001191
-1.6975,2.52,0.035,0.335398,-0.879804,0.54883,-1500,-114,16774,0.001191
-1.4875,1.61,-0.175,0.355438,-0.847547,0.55441,-1479,-45,16785,0.001191
2.2225,0.7175,-0.4025,0.359033,-0.861361,0.562095,-1498,-46,16853,0.001191
-3.01,0.945,-4.445,0.393773,-0.861772,0.555661,-1499,64,16368,0.001191
1.785,3.605,-3.7625,0.421867,-0.827231,0.509499,-1546,-60,16642,0.001191
0.9275,-1.7675,-0.175,0.385067,-0.803665,0.544808,-1551,-235,17314,0.001191
-0.385,-0.42,3.85,0.407025,-0.822114,0.557582,-1484,-125,16966,0.001192
-1.05,3.3775,-3.325,0.371059,-0.848285,0.589454,-1541,-163,16917,0.001191
-1.26,-3.7625,3.6225,0.374886,-0.876819,0.634998,-1489,-75,16694,0.001191
4.095,-0.6475,-0.175,0.402467,-0.873201,0.630777,-1488,21,16745,0.001192
2.0125,-1.7675,3.85,0.402503,-0.863505,0.615828,-1538,-80,17021,0.001191
1.1375,0.945,1.155,0.42606,-0.872132,0.612363,-1492,-52,16991,0.001192
-3.78,4.06,0.49,0.418349,-0.86404,0.608319,-1488,-131,16965,0.001192
-1.05,-0.1925,4.0775,0.411727,-0.888822,0.56064,-1506,-98,16882,0.001192
3.22,1.3825,-4.445,0.454355,-0.906352,0.559245,-1511,-100,16761,0.001192
0.7,-0.1925,-1.085,0.44629,-0.924187,0.568601,-1519,-132,16834,0.001192
0.2625,-0.42,0.49,0.447072,-0.91845,0.596778,-1550,-122,16962,0.001192
0.49,4.515,0.035,0.448116,-0.94785,0.592409,-1529,-112,16994,0.001192
-1.6975,-1.995,-4.655,0.49124,-0.975069,0.585407,-1509,-64,16875,0.001192
-0.8225,2.7125,-3.0975,0.479932,-1.01247,0.623729,-1500,-31,16849,0.001193
1.785,-0.42,-0.63,0.487709,-1.03431,0.633254,-1481,-87,16863,0.001192
-1.925,-1.995,3.85,0.465256,-1.01324,0.587698,-1443,-85,16831,0.001192
-1.3825,-2.87,0.2625,0.480117,-1.00213,0.591653,-1522,-103,16953,0.001192
-2.695,-1.7675,-0.4025,0.516836,-0.976665,0.586266,-1546,-123,16989,0.001192
-0.8225,4.06,-3.7625,0.556353,-0.974597,0.58468,-1533,-60,16827,0.001192
-4.4275,-0.1925,1.3825,0.564867,-0.99002,0.585678,-1302,-72,16868,0.001192
0.0525,3.605,0.035,0.594716,-1.02532,0.584813,-1514,-88,16922,0.001193
-3.3425,-0.42,0.2625,0.620965,-1.01641,0.566705,-1482,-70,16895,0.001192
0.0525,0.2625,-0.175,0.61995,-1.00667,0.56826,-1493,-78,16934,0.001192
0.2625,1.61,-0.175,0.640705,-1.00282,0.540984,-1456,-95,16943,0.001191
-1.05,4.2875,0.49,0.612479,-1.01197,0.528249,-1465,-68,16776,0.001191
1.47,3.605,-3.5525,0.574441,-1.03446,0.524207,-1499,-64,16880,0.001192
0.2625,-1.33,0.7175,0.535081,-1.07125,0.544739,-1544,-124,16951,0.001192
-0.175,-1.5575,1.61,0.536753,-1.06958,0.585131,-1785,-71,16970,0.00119
1.575,-4.2175,-3.7625,0.525134,-1.1024,0.600306,-1517,-69,16896,0.001191
-3.3425,-0.42,0.035,0.540633,-1.08855,0.619211,-1484,-121,16821,0.001191
-2.03,-1.1025,-0.175,0.567051,-1.09103,0.614846,-1489,-171,17155,0.001191
-3.01,-0.6475,-3.5525,0.587631,-1.1325,0.64284,-1513,-132,16924,0.001191
-1.6975,-1.995,0.49,0.638717,-1.13637,0.63821,-1481,3,16558,0.001191
0.9275,-0.6475,0.7175,0.626501,-1.11713,0.664638,-1497,-59,16783,0.001191
3.6575,1.3825,0.035,0.638446,-1.12002,0.665693,-1541,-56,16986,0.001191
0.9275,1.8375,0.7175,0.642453,-1.08152,0.621015,-1545,-91,17074,0.001191
-1.6975,3.15,-3.0975,0.606741,-1.10835,0.606855,-1515,-148,16908,0.001192
-1.925,3.3775,-3.7625,0.627483,-1.11278,0.601421,-1471,-61,16777,0.001192
-3.3425,-3.7625,0.2625,0.584632,-1.12335,0.614408,-1491,-94,16885,0.001192
-0.175,-1.54,0.035,0.559555,-1.1639,0.661728,-1547,-67,16840,0.001191
1.3475,2.03,-3.5525,0.556566,-1.1454,0.691674,-1493,-63,16909,0.001192
-0.385,-1.5575,0.7175,0.563866,-1.19636,0.733272,-1480,-47,16931,0.001192
-3.99,-0.1925,1.3825,0.566756,-1.18816,0.743424,-1532,-53,16865,0.001192
3.8675,-0.42,0.7175,0.570531,-1.17102,0.704044,-1512,-68,16873,0.001191
4.305,0.945,2.9575,0.532059,-1.17351,0.718296,-1520,-119,16901,0.001192
0.7,0.2625,3.395,0.487422,-1.13866,0.720154,-1468,-94,16837,0.001192
2.9925,-4.2175,-3.325,0.524,-1.15885,0.725087,-1506,-88,16880,0.001192
1.1375,-1.54,-1.085,0.530923,-1.15034,0.680417,-1569,-102,17012,0.001192
-3.99,-2.2225,0.7175,0.529177,-1.15498,0.654084,-1516,-97,16904,0.001192
0.0525,-3.535,-0.175,0.535304,-1.19894,0.677916,-1496,-22,16842,0.001192
4.095,-1.1025,0.9275,0.558756,-1.17734,0.66806,-1500,-92,16889,0.001192
0.2625,-2.6425,3.185,0.584033,-1.15233,0.677796,-1537,-84,16822,0.001191
-0.385,-3.0975,-3.99,0.58642,-1.14719,0.669473,-1464,-89,16684,0.001191
0.9275,0.7175,-4.445,0.540404,-1.10269,0.651752,-1504,-126,17038,0.001192
4.095,-2.87,0.9275,0.542498,-1.09934,0.640855,-1502,-105,16953,0.001192
0.2625,1.61,-4.655,0.529437,-1.10571,0.629656,-1561,-59,16790,0.001191
3.22,-0.1925,0.035,0.533101,-1.11488,0.621632,-1484,-55,16933,0.001191
-0.8225,-0.1925,-0.63,0.504641,-1.12548,0.611714,-1486,-30,16851,0.001191
-4.2175,0.035,0.9275,0.494391,-1.13837,0.635297,-1497,-52,16743,0.001191
0.49,-1.1025,0.2625,0.495794,-1.15228,0.645406,-1543,-99,17056,0.001192
3.22,2.94,-3.0975,0.535349,-1.10682,0.628807,-1506,-119,17064,0.001191
3.43,-0.1925,0.7175,0.550068,-1.10968,0.630137,-1498,-53,16658,0.001191
3.6575,-4.2175,0.2625,0.582843,-1.09942,0.630872,-1475,-95,16837,0.001191
-3.78,-0.1925,0.035,0.546693,-1.06616,0.630788,-1513,-80,17061,0.001191
0.0525,-0.6475,2.0475,0.528624,-1.07435,0.592435,-1323,-51,16901,0.001192
0.9275,0.2625,-1.085,0.518649,-1.08564,0.602049,-1548,-86,16902,0.001192
2.345,3.605,3.85,0.519153,-1.11103,0.591113,-1465,-107,16897,0.001192
4.095,2.9225,4.0775,0.508553,-1.10712,0.62614,-1461,-64,16820,0.001192
-3.5525,-1.7675,1.61,0.459753,-1.11276,0.628574,-1508,-136,16950,0.001192
4.305,0.035,1.3825,0.456555,-1.12054,0.624033,-1508,-104,16991,0.001192
3.22,-0.6475,0.035,0.427834,-1.12798,0.625058,-1508,-87,16878,0.001192
-4.2175,1.61,3.6225,0.454277,-1.10135,0.622062,-1544,-84,16848,0.001192
-0.6125,-1.96,3.185,0.449087,-1.11552,0.616164,-1529,-92,16841,0.001192
1.575,0.2625,0.49,0.448426,-1.11956,0.615131,-1501,-79,16884,0.001192
0.2625,0.2625,-3.7625,0.442759,-1.11985,0.574228,-1505,-121,16957,0.001191
4.305,-0.875,3.185,0.446026,-1.17136,0.555841,-1510,-119,16951,0.001191
3.43,-0.875,0.035,0.442996,-1.16474,0.584243,-1459,-75,16847,0.001192
-1.05,3.3775,-0.8575,0.477131,-1.1615,0.601414,-1477,-54,16787,0.001192
0.0525,-1.1025,1.3825,0.47507,-1.1699,0.624889,-1512,-94,16876,0.001192
-0.175,-0.6475,-0.175,0.471546,-1.18395,0.615836,-1490,-127,16979,0.001192
0.0525,-2.87,3.185,0.480022,-1.22092,0.631124,-1537,-34,16949,0.001194
0.7,-3.3075,-3.7625,0.437391,-1.21284,0.629494,-1518,-45,16850,0.001194
1.1375,0.49,-1.085,0.419473,-1.21918,0.630241,-1525,-136,17072,0.001194
-0.6125,0.035,-0.4025,0.401614,-1.21905,0.602648,-1457,-129,16724,0.001194
-1.26,0.035,-0.175,0.417196,-1.23003,0.568832,-1480,-20,16628,0.00119
2.7825,0.49,-0.175,0.426562,-1.23345,0.567236,-1505,-132,17104,0.00119
0.49,1.155,0.2625,0.42,-1.23876,0.580188,-1522,-84,17072,0.00119
-0.8225,-1.995,4.0775,0.418848,-1.26464,0.596747,-1540,-30,16736,0.001192
-3.5525,-4.2175,-3.7625,0.457939,-1.30228,0.573442,-1559,-91,16846,0.001192
3.8675,4.2875,-4.2175,0.474662,-1.32875,0.561625,-1511,-69,16982,0.001194
-1.26,-1.7675,-0.175,0.474541,-1.29108,0.585898,-1430,-54,16799,0.001194
-0.175,-1.5575,-4.655,0.48547,-1.33334,0.552357,-1515,-107,16869,0.001192
3.8675,-0.1925,-0.175,0.503513,-1.32257,0.548819,-1486,-144,17052,0.001192
1.1375,-1.7675,-1.75,0.549506,-1.30727,0.554978,-1508,-113,17123,0.001192
-3.78,3.15,0.49,0.585876,-1.30761,0.545992,-1542,-57,16799,0.00119
-0.8225,-0.875,3.85,0.62797,-1.347,0.554478,-1543,-44,16767,0.00119
-4.2175,0.2625,0.2625,0.609707,-1.35428,0.593834,-1506,-65,16964,0.00119
-3.3425,2.9225,0.2625,0.609286,-1.33587,0.600038,-1491,-80,16926,0.001192
0.9275,4.06,-0.63,0.575314,-1.31929,0.599529,-1534,-89,16875,0.00119
3.8675,3.605,-3.325,0.590114,-1.31226,0.584668,-1509,-71,16977,0.001192
0.2625,4.06,3.85,0.575099,-1.32635,0.574865,-1466,-83,16921,0.001192
-4.2175,0.2625,-1.295,0.59754,-1.32698,0.579637,-1484,-63,16846,0.001192
0.7,-2.87,2.73,0.569002,-1.33339,0.548499,-1498,-54,16921,0.00119
-0.175,-2.45,-3.99,0.569966,-1.35095,0.583567,-1528,-37,16919,0.00119
-0.385,-0.875,0.49,0.584585,-1.36732,0.61172,-1516,-47,16872,0.001192
3.8675,0.035,0.9275,0.590145,-1.3901,0.595177,-1533,-103,16892,0.00119
-4.4275,0.49,0.9275,0.578702,-1.33924,0.58796,-1496,-81,16891,0.001192
0.9275,-3.0975,4.0775,0.621885,-1.30035,0.53965,-1509,-133,16864,0.001192
-3.3425,0.49,0.7175,0.606989,-1.30674,0.552992,-1528,-72,16944,0.00119
0.0525,3.8325,-0.63,0.607216,-1.30313,0.557271,-1523,-96,16928,0.00119
-4.2175,-1.33,0.035,0.645975,-1.31896,0.557551,-1520,-37,16870,0.001192
-1.26,-0.42,-3.7625,0.641439,-1.35389,0.594161,-1495,-86,16904,0.001192
0.49,0.035,-0.63,0.634405,-1.33902,0.590106,-1516,-81,16885,0.001192
0.0525,-1.7675,1.8375,0.647865,-1.32058,0.557412,-1485,-86,16890,0.001192
-2.03,0.7175,-0.175,0.638585,-1.3184,0.529296,-1513,-94,16925,0.001194
0.2625,-3.535,-3.7625,0.616423,-1.33693,0.556609,-1477,-97,16885,0.001194
-3.99,-1.33,0.035,0.620347,-1.33286,0.56316,-1529,-75,16907,0.001192
-2.135,3.605,0.7175,0.612409,-1.3628,0.606966,-1520,-69,16930,0.00119
1.3475,0.035,2.9575,0.585183,-1.39167,0.660061,-1516,-64,16899,0.001192
-1.05,-3.535,-4.445,0.564745,-1.43859,0.63975,-1515,-81,16889,0.00119
-4.4275,-0.42,-0.175,0.498385,-1.4517,0.658787,-1531,-85,16871,0.00119
-3.3425,4.515,4.0775,0.51701,-1.49027,0.657934,-1505,-99,16881,0.001192
3.8675,-0.42,3.395,0.475896,-1.51406,0.663004,-1498,-108,16920,0.001192
3.8675,-0.875,1.155,0.496227,-1.50791,0.642159,-1502,-81,16911,0.001192
3.43,-3.325,-0.175,0.514755,-1.51895,0.650429,-1513,-69,16908,0.001194
1.1375,4.2875,-2.87,0.487894,-1.55227,0.603298,-1534,-86,16876,0.001192
0.2625,-0.6475,3.85,0.496734,-1.53655,0.587251,-1524,-111,16889,0.00119
4.095,-3.535,-0.175,0.452795,-1.51546,0.569632,-1520,-59,16888,0.001192
4.095,0.49,-0.63,0.449757,-1.52805,0.572774,-1479,-63,16903,0.001192
-3.5525,0.035,0.035,0.424304,-1.53506,0.555739,-1483,-98,16900,0.00119
-4.2175,-3.535,2.9575,0.372967,-1.53726,0.543999,-1477,-99,16905,0.00119
1.575,0.945,-3.99,0.381295,-1.56366,0.579584,-1517,-61,16875,0.00119
0.0525,0.945,-1.085,0.372861,-1.57855,0.56051,-1495,-81,16915,0.001192
-3.3425,-2.2225,0.2625,0.373154,-1.57834,0.548611,-1524,-59,16905,0.00119
0.0525,-3.99,-0.175,0.333025,-1.57254,0.541913,-1495,-62,16851,0.001192
3.8675,0.2625,-4.655,0.332256,-1.58261,0.532039,-1503,-82,16907,0.001194
3.6575,-1.7675,0.035,0.299241,-1.59907,0.549284,-1501,-110,16929,0.001192
-3.78,0.2625,-0.175,0.290081,-1.59811,0.543065,-1500,-94,16879,0.001192
0.49,3.3775,-3.5525,0.260267,-1.55053,0.570958,-1477,-95,16888,0.00119
-1.4875,-0.42,3.6225,0.271291,-1.58789,0.607875,-1474,-75,16900,0.001192
-2.695,1.61,4.0775,0.252396,-1.58952,0.602004,-1517,-60,16872,0.001192
0.2625,4.2875,0.035,0.208964,-1.57003,0.629639,-1521,-68,16875,0.001192
-3.99,-0.875,0.2625,0.170603,-1.5689,0.620486,-1506,-105,16891,0.001192
-4.4275,-1.33,-3.325,0.14179,-1.60629,0.617555,-1509,-93,16878,0.001192
-0.8225,2.485,-3.99,0.143785,-1.60951,0.618363,-1501,-108,16861,0.001192
4.305,-0.42,-3.325,0.186851,-1.5712,0.596632,-1504,-74,16906,0.001194
-0.8225,-1.995,-0.175,0.180225,-1.57745,0.574117,-1516,-78,16896,0.001194
-3.99,-0.1925,-0.4025,0.193059,-1.56874,0.575494,-1483,-67,16874,0.001192
3.6575,0.035,0.7175,0.206976,-1.57971,0.555918,-1509,-74,16845,0.001192
0.7,-1.1025,4.0775,0.221045,-1.60797,0.534396,-1488,-75,16877,0.00119
0.9275,1.3825,0.7175,0.211929,-1.57889,0.532276,-1508,-90,16909,0.00119
0.2625,-3.535,-4.445,0.250275,-1.55333,0.554243,-1509,-97,16938,0.001192
-3.5525,0.945,0.49,0.283792,-1.5456,0.545979,-1493,-92,16967,0.001192
-3.99,1.3825,-4.2175,0.249108,-1.54607,0.545687,-1521,-82,16891,0.00119
-1.4875,-1.33,-0.175,0.220143,-1.53796,0.59146,-1499,-97,16900,0.00119
0.7,1.155,0.7175,0.21711,-1.53132,0.626586,-1500,-73,16889,0.001192
0.0525,-0.875,-4.445,0.249861,-1.48499,0.609974,-1520,-65,16882,0.001192
-3.3425,-1.1025,0.035,0.244894,-1.49219,0.597929,-1532,-52,16920,0.001192
0.9275,-3.99,3.6225,0.280372,-1.52289,0.578766,-1508,-76,16933,0.001192
0.7,-1.5575,0.9275,0.293164,-1.48264,0.58351,-1506,-96,16908,0.001192
0.2625,-1.5575,-2.87,0.28256,-1.47594,0.585742,-1508,-72,16882,0.00119
0.0525,-0.1925,-2.87,0.330388,-1.51045,0.570518,-1514,-67,16850,0.00119
-0.6125,0.49,-3.99,0.313951,-1.50754,0.593013,-1522,-82,16874,0.00119
2.7825,0.49,-0.175,0.264071,-1.51771,0.595947,-1501,-68,16947,0.001192
-4.4275,0.7175,0.035,0.221772,-1.53256,0.60706,-1499,-86,16911,0.001192
-1.6975,3.15,3.395,0.229597,-1.56206,0.604098,-1508,-72,16891,0.00119
0.0525,-0.1925,-3.99,0.270814,-1.58387,0.620517,-1521,-88,16886,0.001192
-4.2175,-0.6475,-0.63,0.309743,-1.59284,0.626866,-1526,-78,16884,0.001194
0.49,-0.42,-0.175,0.362853,-1.58197,0.612679,-1514,-106,16896,0.001192
-3.5525,0.035,2.0475,0.314112,-1.57968,0.612565,-1507,-102,16893,0.001194
-0.385,0.035,2.9575,0.344327,-1.62149,0.596693,-1525,-62,16894,0.001194
3.325,1.3825,3.6225,0.348984,-1.6022,0.649342,-1517,-89,16912,0.001192
-4.4275,-3.7625,3.395,0.370346,-1.6109,0.6597,-1508,-89,16954,0.001192
1.575,2.065,0.035,0.366056,-1.6178,0.618723,-1507,-70,16865,0.00119
-1.4875,1.3825,1.8375,0.378145,-1.61211,0.631919,-1509,-93,16884,0.001192
-0.175,-0.1925,-0.175,0.383064,-1.65417,0.638068,-1498,-88,16950,0.001192
0.2625,0.49,0.49,0.358088,-1.66061,0.671335,-1527,-85,16872,0.00119
-0.175,4.2875,4.0775,0.360115,-1.68478,0.691716,-1498,-93,16879,0.001192
0.7,-1.1025,-3.99,0.372957,-1.66436,0.700492,-1534,-57,16877,0.00119
-3.99,0.035,-0.4025,0.380046,-1.66103,0.661884,-1535,-68,16932,0.001192
0.9275,-0.875,-0.175,0.350343,-1.65587,0.666434,-1514,-68,16906,0.001192
3.43,2.7125,1.61,0.378653,-1.64144,0.670181,-1524,-92,16899,0.001192
0.49,0.035,0.035,0.371856,-1.59499,0.631743,-1501,-79,16923,0.001192
-0.175,-3.99,2.73,0.362629,-1.61384,0.636997,-1487,-80,16885,0.001194
-3.3425,0.945,0.2625,0.338088,-1.63838,0.682439,-1492,-64,16921,0.001192
-2.03,0.7175,0.035,0.353883,-1.6386,0.688955,-1489,-93,16888,0.00119
-1.26,-1.33,0.9275,0.301829,-1.65357,0.700707,-1493,-103,16888,0.001192
-0.6125,0.945,-1.295,0.315866,-1.64265,0.695797,-1526,-112,16912,0.001192
-4.2175,0.7175,-0.175,0.297326,-1.628,0.723427,-1493,-92,16879,0.001192
3.8675,3.3775,-3.7625,0.323381,-1.63679,0.745505,-1534,-88,16849,0.00119
0.0525,-0.6475,0.49,0.355488,-1.6305,0.78557,-1511,-61,16889,0.001194
-0.8225,-0.875,4.0775,0.330603,-1.62536,0.790382,-1492,-91,16852,0.001194
0.0525,-3.99,0.49,0.369394,-1.61648,0.799423,-1487,-100,16859,0.001194
0.2625,-4.2175,-3.0975,0.336896,-1.58362,0.846733,-1537,-68,16906,0.001194
3.8675,1.8375,-0.63,0.336079,-1.60086,0.852846,-1530,-87,16901,0.001192
-4.4275,1.8375,2.0475,0.318099,-1.59424,0.86708,-1498,-75,16917,0.001194
0.2625,0.2625,-0.4025,0.314831,-1.60323,0.857961,-1463,-93,16884,0.00119
0.2625,4.2875,-0.63,0.279549,-1.61334,0.86533,-1532,-97,16916,0.001192
-1.05,3.8325,0.7175,0.315594,-1.62552,0.86965,-1505,-85,16871,0.00119
-4.4275,-2.2225,0.7175,0.314072,-1.63052,0.869286,-1510,-65,16859,0.001192
1.1375,3.605,0.49,0.311186,-1.64262,0.831521,-1524,-86,16882,0.001192
-3.3425,-3.0975,0.49,0.310135,-1.63129,0.830655,-1516,-44,16889,0.001192
-0.385,-0.6475,-0.175,0.284555,-1.61622,0.834058,-1520,-72,16893,0.001192
1.575,3.8325,0.9275,0.302357,-1.61974,0.863521,-1520,-62,16873,0.00119
0.2625,-2.415,0.2625,0.32903,-1.63843,0.865366,-1514,-71,16847,0.00119
2.7825,1.8375,1.61,0.374724,-1.64431,0.870125,-1485,-83,16882,0.001194
-0.385,0.49,-2.4325,0.378972,-1.67882,0.840865,-1479,-78,16895,0.001194
0.7,0.2625,-1.295,0.333228,-1.68994,0.826399,-1497,-62,16896,0.001192
-0.385,3.3775,1.155,0.351001,-1.69405,0.832552,-1529,-71,16877,0.00119
-0.385,-1.995,-1.295,0.384933,-1.68232,0.824851,-1503,-73,16881,0.00119
-3.99,0.7175,-1.295,0.353302,-1.68586,0.829526,-1516,-69,16874,0.001192
-4.2175,-1.54,-3.325,0.36189,-1.71543,0.820654,-1496,-95,16918,0.001192
-4.4275,2.2575,-0.175,0.314673,-1.72884,0.820878,-1520,-87,16898,0.00119
-0.8225,-2.2225,3.85,0.303985,-1.69274,0.831333,-1510,-103,16892,0.00119
-1.6975,-4.2175,-0.4025,0.338733,-1.70881,0.817025,-1477,-66,16856,0.001194
-0.385,4.06,1.3825,0.372244,-1.70993,0.774095,-1502,-112,16872,0.001192
4.305,-1.995,-0.175,0.37423,-1.70784,0.785614,-1504,-66,16873,0.001194
0.2625,4.515,3.85,0.412419,-1.66072,0.782379,-1515,-108,16866,0.001192
0.2625,-0.1925,0.035,0.449764,-1.65347,0.78232,-1506,-86,16891,0.001192
-0.175,0.49,-4.445,0.464804,-1.68728,0.784664,-1488,-93,16914,0.00119
4.095,-2.87,0.49,0.490591,-1.6735,0.776181,-1499,-83,16932,0.00119
0.49,-3.535,0.49,0.48774,-1.70247,0.765883,-1510,-79,16866,0.00119
-3.99,0.49,0.035,0.482018,-1.71406,0.763969,-1540,-70,16838,0.00119
-0.6125,-4.2175,-4.445,0.521517,-1.72115,0.764226,-1506,-77,16880,0.00119
-0.385,-3.7625,3.185,0.521555,-1.73026,0.759425,-1493,-80,16893,0.00119
-2.5725,2.485,0.49,0.531106,-1.72055,0.761231,-1512,-102,16882,0.001192
-0.175,0.2625,4.0775,0.484461,-1.72962,0.78641,-1490,-60,16888,0.001194
-0.6125,-0.875,-0.8575,0.497286,-1.73207,0.790802,-1511,-70,16888,0.001192
-0.385,-1.54,0.9275,0.516088,-1.75802,0.751064,-1509,-57,16911,0.001192
-3.78,-1.1025,0.2625,0.518151,-1.7936,0.714613,-1484,-76,16903,0.00119
-3.5525,-3.0975,0.2625,0.517644,-1.79165,0.714571,-1502,-98,16904,0.00119
0.7,0.035,3.6225,0.541477,-1.78279,0.72169,-1506,-84,16873,0.00119
-0.6125,2.9225,-3.325,0.527298,-1.81754,0.733131,-1491,-87,16862,0.00119
4.095,-1.33,0.7175,0.532609,-1.81753,0.74724,-1284,-94,16896,0.00119
0.7,3.3775,-0.8575,0.567345,-1.83917,0.757681,-1513,-107,16902,0.001192
2.2225,-2.415,2.9575,0.56879,-1.85034,0.761143,-1479,-80,16915,0.00119
0.9275,-0.42,0.2625,0.560343,-1.86458,0.726862,-1506,-79,16939,0.00119
3.6575,-1.1025,0.2625,0.575216,-1.87048,0.767136,-1518,-68,16886,0.00119
-0.175,-1.1025,1.3825,0.594897,-1.86492,0.772712,-1513,-56,16823,0.001194
0.9275,-0.42,0.2625,0.599948,-1.84852,0.778286,-1506,-86,16903,0.001194
1.3475,0.2625,-0.175,0.631336,-1.81778,0.791386,-1482,-80,16895,0.001192
-0.385,3.2025,-2.87,0.607303,-1.77115,0.793696,-1526,-102,16926,0.001194
1.575,1.61,3.85,0.604409,-1.75792,0.766745,-1510,-87,16919,0.00119
-3.78,4.515,3.6225,0.607717,-1.75389,0.768561,-1536,-85,16865,0.00119
-0.8225,-0.1925,2.73,0.62828,-1.78726,0.783163,-1516,-75,16915,0.001192
-0.8225,-0.1925,0.49,0.630619,-1.78955,0.78505,-1478,-80,16845,0.001192
-0.385,-4.2175,3.6225,0.621876,-1.75959,0.80473,-1468,-87,16852,0.00119
0.49,-1.1025,0.7175,0.618752,-1.74873,0.81565,-1496,-83,16885,0.001192
-3.1325,-3.0975,-0.4025,0.653966,-1.74716,0.80212,-1504,-90,16922,0.001192
4.095,-1.1025,0.035,0.656841,-1.75822,0.807395,-1508,-94,16860,0.001192
-1.4875,4.06,0.49,0.643728,-1.7597,0.814517,-1529,-78,16875,0.001194
0.49,-2.6425,-0.175,0.600312,-1.74554,0.796823,-1530,-74,16866,0.001194
-1.26,-0.1925,-2.87,0.607812,-1.72003,0.755056,-1524,-74,16931,0.001192
0.7,-3.7625,-3.7625,0.570499,-1.7588,0.732296,-1484,-70,16975,0.00119
2.555,-3.0975,-0.8575,0.616373,-1.75016,0.733608,-1518,-72,16881,0.00119
-0.6125,0.49,0.7175,0.653771,-1.75312,0.765225,-1496,-113,16893,0.00119
-0.175,-3.99,1.3825,0.607784,-1.78181,0.770238,-1495,-103,16812,0.00119
-4.2175,1.61,-0.175,0.613824,-1.77034,0.795639,-1503,-68,16796,0.001192
0.9275,1.61,2.9575,0.570674,-1.80555,0.820553,-1480,-120,16880,0.00119
-0.6125,4.06,0.2625,0.560118,-1.82047,0.839512,-1528,-81,16904,0.001192
0.49,-0.1925,0.2625,0.562047,-1.84353,0.807731,-1503,-74,16910,0.001192
0.9275,-1.7675,-0.175,0.570779,-1.86642,0.765279,-1547,-92,16915,0.001192
-3.1325,-1.54,0.035,0.56711,-1.90087,0.766041,-1490,-44,16869,0.00119
0.7,-0.875,0.49,0.561826,-1.9035,0.809696,-1504,-72,16837,0.00119
-4.2175,-1.33,0.7175,0.564777,-1.89393,0.810834,-1491,-80,16861,0.00119
3.22,-3.99,3.395,0.54095,-1.88104,0.850177,-1526,-56,16886,0.00119
0.2625,1.1725,-3.99,0.499587,-1.85467,0.867087,-1520,-115,16899,0.00119
-1.5925,-0.42,1.155,0.489023,-1.83325,0.884138,-1520,-71,16897,0.00119
-0.175,2.065,-0.175,0.459631,-1.86156,0.894782,-1504,-84,16872,0.00119
-0.175,4.095,-0.8575,0.447752,-1.8591,0.895808,-1497,-115,16892,0.001192
-3.5525,1.3825,0.7175,0.413671,-1.85592,0.907482,-1527,-81,16858,0.001192
-2.905,0.49,0.49,0.395127,-1.86922,0.909126,-1499,-60,16869,0.001194
-0.8225,-1.995,-0.8575,0.359192,-1.87118,0.896943,-1493,-94,16892,0.001194
1.1375,3.8325,0.49,0.332637,-1.87064,0.888084,-1483,-92,16894,0.001192
-0.175,-1.7675,-0.175,0.333171,-1.89549,0.935387,-1520,-64,16880,0.001192
0.49,-0.875,0.035,0.318121,-1.91081,0.904801,-1513,-77,16844,0.001192
0.49,1.3825,0.035,0.305213,-1.91058,0.959794,-1506,-35,16842,0.001192
0.7,-2.415,3.85,0.262776,-1.92033,0.944346,-1535,-83,16863,0.00119
1.785,1.3825,4.0775,0.245722,-1.93593,0.910927,-1527,-90,16894,0.00119
-4.2175,4.06,-0.4025,0.231083,-1.96258,0.906348,-1532,-108,16898,0.00119
2.9925,-0.875,0.035,0.206932,-1.98354,0.911919,-1488,-62,16867,0.001192
-0.6125,3.605,-0.4025,0.250774,-1.99965,0.902847,-1506,-97,16878,0.00119
-0.385,-0.1925,0.7175,0.294409,-2.00415,0.950453,-1500,-79,16839,0.001192
-3.3425,-0.1925,-0.8575,0.257091,-1.9849,0.949862,-1489,-63,16883,0.001194
3.6575,-1.1025,-0.175,0.289506,-1.97327,0.966219,-1529,-70,16858,0.001192
0.49,0.035,3.395,0.307376,-1.99786,0.94552,-1525,-97,16921,0.00119
0.7,-3.99,-0.175,0.313047,-2.00321,0.95152,-1519,-51,16904,0.001192
-0.6125,-0.1925,0.035,0.324353,-2.03414,0.991895,-1515,-39,16819,0.00119
-3.3425,-3.535,-0.175,0.289239,-2.0683,0.990043,-1492,-109,16832,0.00119
0.49,2.485,-2.87,0.286894,-2.05412,0.948652,-1529,-108,16921,0.00119
-0.175,0.945,-0.4025,0.255364,-2.03803,0.939902,-1479,-70,16887,0.00119
-0.175,0.2625,-3.99,0.221996,-2.03466,0.909868,-1533,-82,16892,0.00119
1.3475,0.7175,0.2625,0.270356,-2.00582,0.899463,-1482,-65,16858,0.00119
0.2625,0.945,3.185,0.278096,-2.02281,0.915227,-1516,-59,16891,0.001192
3.22,3.3775,-3.7625,0.242056,-2.01628,0.936499,-1549,-82,16896,0.001192
2.7825,-0.875,0.49,0.281891,-2.0086,0.884409,-1498,-51,16802,0.001194
0.49,-0.875,3.395,0.237621,-2.0406,0.936757,-1515,-78,16846,0.001194
0.9275,-3.7625,-0.175,0.231554,-2.04594,0.978669,-1503,-99,16940,0.001192
0.0525,3.605,-1.085,0.25916,-2.03084,0.963168,-1514,-107,16909,0.00119
0.0525,3.605,-3.0975,0.234539,-1.98308,0.921097,-1517,-104,16899,0.00119
-3.3425,-0.1925,-0.4025,0.22274,-1.98853,0.918614,-1503,-75,16913,0.001192
-2.905,0.2625,0.2625,0.209355,-1.98463,0.892253,-1526,-79,16873,0.001192
-3.1325,1.1725,-0.175,0.194605,-2.00233,0.897439,-1490,-74,16883,0.001192
-0.175,-1.96,3.185,0.233071,-2.02674,0.873038,-1498,-67,16879,0.001192
-3.3425,4.2875,-0.63,0.234112,-2.01026,0.889523,-1518,-94,16904,0.001194
-1.925,2.485,1.155,0.207523,-2.01321,0.838676,-1501,-101,16916,0.001194
4.305,3.8325,-0.175,0.249258,-2.01579,0.824456,-1525,-97,16887,0.001194
4.095,-0.1925,2.9575,0.26139,-2.05053,0.826642,-1497,-106,16915,0.001194
-0.175,-0.42,4.0775,0.247963,-2.00562,0.807067,-1572,-68,16867,0.001194
3.43,4.2875,0.035,0.265443,-2.01947,0.816614,-1501,-69,16862,0.00119
-3.3425,0.7175,-0.175,0.257495,-2.01649,0.833034,-1498,-63,16844,0.00119
0.7,-0.1925,0.035,0.20341,-1.98615,0.805372,-1497,-99,16884,0.001192
0.0525,-0.42,0.035,0.23965,-1.98748,0.803186,-1524,-80,16883,0.00119
1.1375,0.7175,-0.175,0.254881,-1.95873,0.806079,-1487,-93,16881,0.00119
0.2625,0.49,-3.5525,0.258454,-1.99354,0.800994,-1523,-85,16880,0.00119
3.22,0.2625,1.155,0.270162,-2.0058,0.780741,-1490,-110,16863,0.00119
0.2625,0.2625,0.49,0.247863,-2.01836,0.753517,-1510,-88,16898,0.00119
-1.26,0.035,0.2625,0.270169,-1.97569,0.792339,-1513,-73,16894,0.001194
-0.6125,-0.1925,-0.63,0.290677,-1.97608,0.801151,-1516,-105,16867,0.001194
4.305,0.945,0.49,0.276621,-1.95884,0.77993,-1505,-95,16898,0.001192
-0.175,0.945,0.7175,0.265532,-1.97063,0.801488,-1499,-62,16866,0.001194
3.8675,-0.42,-0.63,0.279037,-1.97414,0.79507,-1526,-122,16857,0.001192
-3.1325,0.2625,0.035,0.266555,-1.9899,0.811157,-1533,-71,16916,0.001192
-4.4275,-4.2175,4.0775,0.283829,-2.02377,0.818661,-1518,-97,16897,0.00119
-1.05,1.3825,3.85,0.289986,-1.98731,0.831949,-1539,-102,16899,0.001192
3.8675,-2.2225,3.395,0.297791,-2.01386,0.823066,-1500,-84,16846,0.001192
-2.4675,-0.875,2.9575,0.325674,-2.05286,0.818792,-1512,-72,16872,0.00119
0.2625,-1.54,0.2625,0.329065,-2.03999,0.856788,-1531,-92,16939,0.001192
0.2625,-1.1025,-0.175,0.343008,-2.01476,0.830502,-1504,-76,16906,0.001194
-3.5525,-1.33,-3.99,0.372267,-2.01444,0.812582,-1512,-58,16841,0.001192
0.0525,-0.875,4.0775,0.420088,-2.00786,0.804707,-1476,-87,16865,0.001194
0.49,-3.535,0.2625,0.431478,-1.9728,0.802675,-1543,-91,16880,0.001194
3.8675,1.3825,0.49,0.432116,-1.93048,0.807882,-1504,-90,16915,0.00119
-3.99,0.945,1.3825,0.428202,-1.93793,0.777904,-1524,-88,16891,0.001192
-3.1325,0.2625,-0.175,0.415226,-1.94121,0.812145,-1284,-90,16893,0.00119
-0.175,3.605,-3.99,0.407789,-1.99008,0.812635,-1480,-81,16890,0.00119
-0.8225,-0.6475,-1.295,0.39644,-1.98778,0.843888,-1513,-117,16858,0.00119
0.2625,-3.535,-0.175,0.405211,-2.02267,0.828859,-1531,-116,16927,0.001192
-3.5525,0.49,0.49,0.363489,-2.0579,0.830187,-1472,-113,16910,0.00119
0.0525,0.49,-3.7625,0.380441,-2.08741,0.794815,-1511,-63,16872,0.00119
1.1375,0.2625,-0.4025,0.391228,-2.09361,0.756826,-1484,-98,16913,0.001192
-0.6125,-1.1025,0.035,0.363177,-2.1159,0.757825,-1516,-83,16865,0.001192
-0.385,-0.1925,0.7175,0.367088,-2.15901,0.79174,-1507,-64,16861,0.001192
0.7,-0.875,-0.63,0.372931,-2.14647,0.775396,-1520,-71,16868,0.001192
0.0525,-0.1925,-3.5525,0.415968,-2.14266,0.782537,-1486,-74,16866,0.001192
0.0525,-1.33,0.49,0.416879,-2.14232,0.768895,-1499,-84,16865,0.001192
1.575,0.945,-0.175,0.413143,-2.1303,0.765639,-1501,-98,16936,0.00119
4.095,4.06,-0.175,0.422287,-2.14771,0.782922,-1518,-71,16916,0.001192
-0.6125,0.2625,1.61,0.387968,-2.16988,0.786803,-1533,-108,16930,0.00119
0.0525,1.61,3.6225,0.376261,-2.18899,0.790012,-1505,-78,16892,0.001192
-3.99,-0.42,2.5025,0.337859,-2.17785,0.77944,-1491,-62,16844,0.001194
4.305,-1.995,0.7175,0.349476,-2.18573,0.821759,-1511,-67,16895,0.001194
3.22,-4.2175,0.035,0.363016,-2.18515,0.816963,-1519,-82,16875,0.001194
3.6575,4.2875,0.7175,0.410106,-2.1713,0.804136,-1523,-76,16663,0.001192
1.1375,1.3825,0.2625,0.398953,-2.15112,0.814746,-1513,-61,16937,0.001192
0.9275,0.7175,-4.445,0.410016,-2.10481,0.818886,-1521,-85,16895,0.001194
0.49,-1.1025,-4.445,0.437061,-2.08985,0.818532,-1512,-71,16845,0.00119
1.3475,-0.1925,0.7175,0.423662,-2.07943,0.819304,-1504,-82,16881,0.001192
0.2625,-0.42,-4.445,0.467638,-2.07147,0.825884,-1536,-66,16905,0.00119
0.9275,-0.875,1.3825,0.468957,-2.06281,0.771812,-1489,-70,16890,0.00119
0.0525,-3.99,-0.4025,0.492283,-2.06516,0.769669,-1498,-54,16872,0.001192
-0.8225,0.7175,0.2625,0.468884,-2.07031,0.795086,-1504,-60,16889,0.00119
-0.6125,0.035,0.7175,0.466784,-2.03186,0.798027,-1512,-90,16918,0.00119
-4.2175,0.035,-0.4025,0.458895,-2.0328,0.786473,-1499,-80,16867,0.00119
1.3475,4.06,3.85,0.486867,-2.04714,0.793639,-1476,-92,16888,0.001192
4.095,-1.1025,-0.175,0.501804,-2.0463,0.77772,-1508,-83,16874,0.001194
-0.175,-0.6475,-0.8575,0.510774,-2.02949,0.744493,-1512,-96,16870,0.001192
4.095,-1.7675,0.49,0.514671,-2.03067,0.759096,-1515,-73,16882,0.001192
-0.8225,-3.7625,0.49,0.555015,-2.01992,0.76455,-1518,-78,16874,0.001192
-0.385,-1.33,3.6225,0.566114,-2.00735,0.767245,-1508,-78,16858,0.001192
3.6575,4.2875,-4.2175,0.570713,-1.99624,0.765877,-1539,-81,16914,0.001192
-0.8225,4.515,-2.87,0.52817,-1.9742,0.726306,-1524,-93,16946,0.001192
3.6575,1.61,0.9275,0.559478,-1.97769,0.734782,-1520,-69,16886,0.001192
0.2625,1.1725,0.49,0.555898,-1.99179,0.721493,-1521,-78,16899,0.001192
-1.26,3.3775,-3.325,0.554281,-1.94903,0.684119,-1532,-84,16864,0.00119
4.305,0.035,0.49,0.569263,-1.93823,0.671365,-1475,-72,16891,0.001194
-3.3425,0.035,-0.175,0.559929,-1.92255,0.673553,-1513,-82,16897,0.001192
0.49,0.945,0.035,0.548048,-1.916,0.696583,-1509,-83,16927,0.001194
4.095,0.945,-3.7625,0.585842,-1.92591,0.684224,-1525,-58,16903,0.001192
-0.8225,-1.1025,3.85,0.621059,-1.93508,0.645496,-1483,-122,16889,0.001194
0.0525,-0.875,-3.325,0.625698,-1.95066,0.648668,-1504,-93,16871,0.00119
-4.2175,0.035,0.9275,0.598982,-1.98024,0.633437,-1494,-47,16832,0.001192
-0.175,-1.33,-4.2175,0.649577,-1.97574,0.593356,-1495,-70,16864,0.00119
-1.05,-2.45,3.6225,0.617886,-1.96012,0.588305,-1528,-70,16876,0.00119
1.785,-1.1025,0.49,0.623584,-1.94962,0.606065,-1503,-82,16921,0.001192
0.2625,-1.5575,-3.7625,0.610326,-1.9527,0.609284,-1523,-90,16861,0.00119
-0.8225,-0.42,-0.175,0.598174,-1.93477,0.56544,-1506,-64,16861,0.001192
1.575,-2.6775,1.3825,0.598741,-1.91588,0.53451,-1525,-83,16879,0.00119
0.0525,1.1725,0.035,0.599469,-1.90081,0.510082,-1525,-75,16870,0.001194
-0.385,0.945,-0.8575,0.611452,-1.91485,0.480032,-1480,-65,16867,0.001192
2.9925,3.8325,0.2625,0.567665,-1.91962,0.483747,-1517,-81,16884,0.001192
3.6575,0.035,0.2625,0.572249,-1.90222,0.494714,-1516,-79,16880,0.001192
-0.6125,-0.875,-3.325,0.565025,-1.88208,0.528626,-1507,-68,16826,0.001194
-0.8225,-1.995,-3.0975,0.569078,-1.88376,0.558423,-1515,-63,16878,0.001192
0.0525,-2.2225,2.9575,0.604016,-1.87218,0.545827,-1515,-140,16923,0.001192
3.6575,0.2625,-3.0975,0.559055,-1.86087,0.547383,-1522,-59,16928,0.001192
-3.99,0.7175,4.0775,0.571112,-1.8293,0.526623,-1529,-88,16837,0.00119
1.1375,-1.2775,0.2625,0.55425,-1.82089,0.515088,-1505,-79,16860,0.001192
-0.385,1.3825,4.0775,0.535727,-1.82236,0.49407,-1506,-75,16872,0.001192
-1.4875,-2.45,0.7175,0.533003,-1.85349,0.525045,-1516,-65,16924,0.001192
-0.385,-0.42,-4.445,0.505369,-1.86255,0.482204,-1514,-107,16931,0.001194
-2.2575,-1.1025,-0.63,0.493714,-1.8661,0.514464,-1518,-95,16862,0.001192
1.1375,0.945,1.155,0.479577,-1.88007,0.511684,-1518,-88,16855,0.001194
-1.925,-0.1925,1.155,0.493932,-1.88043,0.476466,-1520,-102,16886,0.001192
0.2625,-1.7675,0.2625,0.485876,-1.88505,0.478275,-1497,-70,16896,0.00119
4.095,0.49,-0.8575,0.491681,-1.86128,0.476578,-1517,-62,16904,0.001192
-3.78,-0.875,-0.175,0.498567,-1.86762,0.481068,-1537,-71,16877,0.00119
0.7,-1.1025,-0.4025,0.506861,-1.85062,0.503255,-1526,-73,16911,0.00119
0.0525,0.49,-4.2175,0.478823,-1.83312,0.522299,-1537,-92,16900,0.001192
-0.6125,0.49,0.035,0.473718,-1.80279,0.487723,-1484,-43,16873,0.00119
3.6575,0.7175,-0.175,0.479065,-1.80957,0.494059,-1534,-108,16871,0.00119
1.3475,0.2625,-0.63,0.448272,-1.81061,0.510989,-1510,-76,16890,0.001192
-1.26,-3.99,0.035,0.486272,-1.82025,0.518345,-1479,-100,16867,0.001192
0.49,3.605,3.85,0.522865,-1.81959,0.485591,-1512,-84,16876,0.00119
3.22,4.515,-4.445,0.480221,-1.80041,0.474265,-1551,-80,16871,0.00119
0.49,-3.99,-4.445,0.505154,-1.76793,0.432893,-1518,-104,16875,0.00119
0.9275,-3.99,4.0775,0.518587,-1.71278,0.388157,-1516,-106,17147,0.00119
-0.175,-2.6425,0.2625,0.561286,-1.72005,0.379391,-1508,-91,16866,0.00119
-0.175,1.61,3.85,0.5658,-1.66579,0.345942,-1537,-93,16888,0.00119
0.0525,-0.6475,0.9275,0.568708,-1.64889,0.361826,-1509,-97,16874,0.001192
0.49,-0.6475,0.49,0.583159,-1.63886,0.364933,-1481,-83,16875,0.00119
-1.6975,0.035,-0.175,0.559986,-1.6316,0.372946,-1493,-83,16914,0.001192
0.2625,0.035,0.49,0.544083,-1.67593,0.339453,-1530,-96,16902,0.001192
-4.2175,2.7125,3.6225,0.518485,-1.67223,0.351976,-1496,-103,16900,0.001194
3.6575,-1.33,2.0475,0.546287,-1.67263,0.378014,-1477,-60,16925,0.001194
3.8675,0.7175,0.49,0.539809,-1.67317,0.386414,-1494,-86,16904,0.001194
1.3475,0.2625,-4.2175,0.533783,-1.69256,0.409093,-1489,-82,16912,0.001194
4.095,0.2625,0.7175,0.529459,-1.68256,0.429224,-1523,-103,16893,0.001192
3.6575,-0.875,-0.63,0.529585,-1.69051,0.462844,-1480,-69,16920,0.001192
-0.6125,-0.6475,4.0775,0.56214,-1.68841,0.507184,-1511,-58,16843,0.00119
3.22,-0.42,-0.175,0.53541,-1.70198,0.488162,-1518,-30,16879,0.001192
-0.175,0.035,0.49,0.536559,-1.70029,0.486023,-1513,-108,16901,0.00119
1.1375,3.3775,3.85,0.57603,-1.66818,0.523695,-1480,-53,16914,0.00119
0.49,-2.415,0.2625,0.5931,-1.66263,0.515735,-1487,-90,16896,0.00119
3.22,0.2625,4.0775,0.640012,-1.68002,0.534065,-1492,-109,16875,0.001192
0.49,-3.7625,-4.445,0.674048,-1.68402,0.48943,-1520,-121,16938,0.001192
0.49,0.035,3.85,0.629203,-1.68513,0.497601,-1507,-66,16907,0.001192
0.2625,0.2625,0.7175,0.642502,-1.68352,0.498305,-1516,-57,16857,0.001192
-4.2175,-0.875,0.7175,0.659575,-1.66973,0.467087,-1506,-90,16877,0.001192
0.0525,0.2625,3.6225,0.692943,-1.7092,0.436275,-1503,-66,16937,0.001192
4.095,-0.1925,-0.63,0.634547,-1.69906,0.440545,-1520,-74,16934,0.001192
2.2225,2.065,-0.63,0.62421,-1.68825,0.445347,-1494,-49,16922,0.00119
-1.26,2.2925,-0.175,0.646436,-1.69208,0.39141,-1523,-84,16858,0.001192
0.7,-0.1925,0.49,0.612258,-1.71473,0.339764,-1513,-76,16848,0.001192
3.43,-0.875,-0.63,0.615414,-1.71208,0.280723,-1503,-83,16927,0.001192
-0.385,4.2875,-4.445,0.611779,-1.70963,0.288645,-1489,-119,16894,0.001192
1.575,-1.54,0.035,0.657493,-1.67265,0.295035,-1495,-75,16911,0.001192
3.43,0.035,0.9275,0.665005,-1.67838,0.250513,-1506,-91,16893,0.001192
0.2625,-1.1025,-3.0975,0.629623,-1.67124,0.29235,-1538,-63,16915,0.001192
3.22,-0.6475,3.6225,0.62657,-1.65774,0.302507,-1522,-76,16885,0.001194
4.095,4.2875,0.2625,0.625229,-1.67325,0.285716,-1525,-90,16879,0.001192
-0.175,-0.6475,0.9275,0.620759,-1.66541,0.238848,-1499,-78,16890,0.00119
1.1375,-3.535,3.395,0.592679,-1.68553,0.279786,-1506,-70,16882,0.00119
-1.4875,0.945,4.0775,0.595155,-1.65886,0.255647,-1503,-73,16919,0.00119
-0.175,-0.875,3.395,0.597319,-1.6949,0.290831,-1501,-71,16875,0.001192
-4.2175,-1.995,0.2625,0.567622,-1.72616,0.302267,-1493,-74,16853,0.00119
0.49,1.1725,-0.175,0.56788,-1.73272,0.323539,-1486,-121,16895,0.00119
3.8675,-4.2175,-1.9775,0.620507,-1.73419,0.290799,-1487,-65,16903,0.00119
0.9275,0.49,0.2625,0.637594,-1.74032,0.268768,-1495,-58,16906,0.00119
-0.8225,-0.875,-0.175,0.636871,-1.73548,0.266234,-1477,-109,16892,0.001194
4.305,2.065,-1.75,0.65327,-1.7329,0.279095,-1492,-71,16886,0.001194
-4.4275,-3.3075,0.49,0.655187,-1.73342,0.276244,-1499,-71,16861,0.001192
1.575,-0.875,3.85,0.609566,-1.73356,0.294648,-1504,-71,16879,0.001192
-0.385,4.2875,-3.5525,0.601547,-1.72867,0.331443,-1522,-63,16926,0.001194
4.095,-0.42,0.49,0.608117,-1.72905,0.331688,-1515,-115,16928,0.001192
0.7,0.035,-0.175,0.650894,-1.728,0.339391,-1493,-82,16867,0.001192
0.9275,-0.6475,-3.325,0.661922,-1.70858,0.302485,-1485,-63,16879,0.00119
4.305,-4.2175,0.49,0.683952,-1.69093,0.319804,-1512,-64,16893,0.00119
-0.175,-0.6475,0.2625,0.685888,-1.67624,0.281355,-1492,-55,16880,0.00119
-0.385,-0.42,0.49,0.681271,-1.69089,0.277021,-1524,-66,16901,0.001192
1.3475,3.8675,3.85,0.673717,-1.69799,0.254743,-1499,-107,16896,0.001194
-1.6975,0.2625,3.395,0.682044,-1.69175,0.291326,-1548,-89,16886,0.001192
-0.385,3.43,1.61,0.688622,-1.69431,0.289707,-1511,-122,16960,0.001192
-0.175,1.155,4.0775,0.671801,-1.66744,0.277151,-1492,-101,16831,0.001192
-4.4275,0.035,0.2625,0.667707,-1.66619,0.281671,-1523,-45,16827,0.00119
1.3475,-0.875,-1.295,0.675891,-1.66291,0.294595,-1512,-88,16942,0.001192
0.49,-0.1925,3.85,0.695721,-1.69224,0.261626,-1515,-107,16926,0.00119
4.305,-1.33,-0.4025,0.732183,-1.69421,0.258687,-1484,-68,16870,0.00119
1.1375,-1.7675,3.85,0.727323,-1.72107,0.301206,-1526,-111,16889,0.001192
-4.4275,4.2875,-0.4025,0.746144,-1.73812,0.290804,-1493,-64,16882,0.00119
1.785,-1.995,0.9275,0.750569,-1.70034,0.274605,-1510,-91,16882,0.00119
0.7,-1.33,2.73,0.735055,-1.71866,0.284743,-1504,-98,16938,0.001192
-1.26,0.7175,-1.5225,0.739993,-1.72604,0.317876,-1492,-69,16868,0.001192
4.095,3.8325,0.7175,0.78484,-1.7177,0.359339,-1475,-81,16862,0.001194
0.2625,3.605,0.2625,0.797284,-1.72019,0.36327,-1521,-59,16915,0.001194
0.9275,1.8375,-0.175,0.817834,-1.76193,0.400553,-1510,-111,16915,0.001192
-3.5525,0.035,-4.655,0.811499,-1.81391,0.410406,-1507,-64,16881,0.001192
-0.6125,0.035,-0.4025,0.803299,-1.81745,0.40563,-1485,-109,16865,0.00119
-3.3425,0.49,-0.175,0.800565,-1.82847,0.38958,-1503,-44,16874,0.001192
0.9275,2.485,-4.445,0.831765,-1.81989,0.374619,-1469,-93,16885,0.001192
-0.6125,0.49,3.185,0.82407,-1.78019,0.410429,-1523,-75,16901,0.00119
-4.2175,-0.1925,0.2625,0.816502,-1.77498,0.388393,-1512,-76,16883,0.00119
-0.385,-1.1025,-4.2175,0.833737,-1.76561,0.389938,-1514,-70,16871,0.001192
-1.925,0.49,-4.445,0.836397,-1.73665,0.3699,-1466,-125,16880,0.001194
0.2625,-2.6425,3.6225,0.840741,-1.72471,0.35957,-1507,-76,16900,0.001192
1.1375,0.035,0.9275,0.842591,-1.71533,0.369808,-1501,-54,16851,0.001192
-0.175,-4.2175,3.6225,0.835634,-1.75987,0.403875,-1515,-94,16919,0.001194
-4.4275,-1.7675,0.49,0.821045,-1.77406,0.386303,-1478,-88,16924,0.001194
1.1375,-0.42,3.85,0.832898,-1.80999,0.390522,-1528,-72,16872,0.001192
0.2625,0.035,-4.445,0.84303,-1.81618,0.338505,-1517,-87,16862,0.00119
-4.4275,0.49,-0.4025,0.833273,-1.81766,0.35343,-1539,-86,16864,0.001192
-2.03,-2.1875,2.9575,0.84607,-1.85824,0.371336,-1483,-92,16889,0.001192
0.2625,0.2625,0.2625,0.854458,-1.84898,0.41288,-1507,-58,16885,0.001192
-0.385,-3.99,3.85,0.881023,-1.8268,0.43631,-1512,-77,16883,0.00119
4.095,2.9225,0.035,0.861993,-1.83107,0.444034,-1501,-98,16956,0.00119
0.7,-0.6475,0.2625,0.87605,-1.78242,0.442484,-1532,-82,16893,0.001192
-0.6125,0.035,3.85,0.882041,-1.75653,0.469464,-1523,-38,16852,0.00119
-0.8225,-0.6475,0.9275,0.889043,-1.75585,0.425344,-1491,-98,16878,0.001192
-3.78,-3.99,4.0775,0.841702,-1.78363,0.419418,-1500,-112,16907,0.001192
-3.5525,-3.7625,3.6225,0.875801,-1.75384,0.430887,-1523,-81,16876,0.001192
0.49,1.8375,4.0775,0.882564,-1.73746,0.397406,-1509,-71,16899,0.001192
-1.26,4.515,0.2625,0.911978,-1.70447,0.424514,-1520,-113,16857,0.00119
0.0525,1.8375,0.035,0.930634,-1.71294,0.401625,-1518,-101,16892,0.00119
-4.2175,-0.42,-0.8575,0.919183,-1.73305,0.401321,-1548,-86,16904,0.001192
-2.4675,-0.1925,-0.4025,0.918615,-1.73713,0.411262,-1512,-69,16829,0.00119
0.2625,1.3825,-0.4025,0.911897,-1.74143,0.40514,-1527,-80,16930,0.001192
2.9925,0.49,0.9275,0.927219,-1.74354,0.411624,-1481,-112,16874,0.001192
-0.175,-0.1925,0.2625,0.921462,-1.75469,0.43128,-1505,-74,16837,0.001192
-3.3425,4.515,3.6225,0.89349,-1.78778,0.470135,-1497,-107,16901,0.001192
-1.4875,-1.1025,0.7175,0.892409,-1.80849,0.471984,-1514,-80,16888,0.001192
-3.1325,0.035,-4.445,0.87086,-1.83225,0.500463,-1504,-80,16656,0.001192
-0.385,-0.875,-0.175,0.877672,-1.82551,0.499584,-1510,-105,16923,0.001192
-4.4275,-0.1925,-0.175,0.868746,-1.79882,0.526688,-1500,-111,16892,0.001192
-1.4875,2.9225,0.9275,0.917123,-1.80854,0.562898,-1505,-103,16882,0.00119
-3.1325,0.035,0.9275,0.960537,-1.83145,0.560501,-1506,-90,16828,0.001192
-0.8225,2.94,-1.75,0.935279,-1.81713,0.55167,-1464,-100,16879,0.001192
-3.5525,-1.33,0.2625,0.95223,-1.81541,0.538539,-1528,-70,16852,0.001192
1.3475,-0.42,-0.175,0.978655,-1.86533,0.584555,-1505,-104,16945,0.001192
1.9075,-2.2225,0.2625,0.93463,-1.88201,0.577072,-1537,-57,16922,0.001194
3.8675,2.94,3.85,0.910819,-1.91504,0.57628,-1508,-75,16872,0.001194
3.8675,0.7175,-0.175,0.923175,-1.90671,0.546647,-1547,-108,16881,0.001192
0.2625,-1.7325,0.035,0.963984,-1.90412,0.488851,-1497,-70,16849,0.00119
0.2625,-0.42,4.0775,0.964934,-1.87087,0.51562,-1492,-99,16862,0.001192
-0.385,1.1725,0.49,0.965981,-1.87992,0.481366,-1515,-95,16943,0.00119
0.2625,0.7175,-0.63,0.964556,-1.87462,0.490869,-1474,-90,16899,0.00119
-3.3425,0.49,-0.63,0.939406,-1.89254,0.494337,-1526,-78,16885,0.001192
4.305,3.605,-3.99,0.923517,-1.89452,0.491856,-1518,-75,16898,0.001192
3.43,-1.5575,-3.5525,0.931319,-1.91421,0.444366,-1528,-94,16873,0.00119
0.2625,0.7175,1.3825,0.939258,-1.9171,0.453357,-1541,-100,16893,0.001192
-2.4675,-3.3075,-1.9775,0.972458,-1.89348,0.449579,-1513,-95,16857,0.001192
4.305,-1.33,0.49,0.975607,-1.91232,0.457079,-1473,-127,16897,0.00119
-1.05,-3.7625,-4.655,0.929066,-1.91137,0.491074,-1523,-104,16925,0.001192
-2.905,0.7175,-1.085,0.935335,-1.8857,0.490574,-1521,-63,16853,0.001192
-3.99,-3.325,2.73,0.911227,-1.87383,0.515581,-1465,-61,16880,0.001192
0.2625,-0.875,-0.63,0.899121,-1.87342,0.511309,-1539,-49,16883,0.001192
1.3475,3.8325,-0.175,0.920292,-1.88585,0.534914,-1531,-91,16904,0.00119
