<?xml version="1.0" encoding="UTF-8"?>
<export version="D">
  <design>
    <source>C:\Users\Michael\Documents\Robots\STM32Quadcopter\STM32_SMD_Quadcopter_PCB_V2\STM32_SMD_Quadcopter\STM32_SMD_Quadcopter.sch</source>
    <date>11/28/2020 12:58:39 PM</date>
    <tool>Eeschema (5.1.8)-1</tool>
    <sheet number="1" name="/" tstamps="/">
      <title_block>
        <title/>
        <company/>
        <rev/>
        <date/>
        <source>STM32_SMD_Quadcopter.sch</source>
        <comment number="1" value=""/>
        <comment number="2" value=""/>
        <comment number="3" value=""/>
        <comment number="4" value=""/>
      </title_block>
    </sheet>
  </design>
  <components>
    <comp ref="J1">
      <value>PWR</value>
      <footprint>Connector_PinHeader_2.54mm:PinHeader_1x02_P2.54mm_Vertical</footprint>
      <datasheet>~</datasheet>
      <fields>
        <field name="JLCPCB BOM">0</field>
      </fields>
      <libsource lib="Connector_Generic" part="Conn_01x02" description="Generic connector, single row, 01x02, script generated (kicad-library-utils/schlib/autogen/connector/)"/>
      <sheetpath names="/" tstamps="/"/>
      <tstamp>5D183736</tstamp>
    </comp>
    <comp ref="C3">
      <value>100uF</value>
      <footprint>Capacitor_SMD:C_Elec_3x5.4</footprint>
      <datasheet>~</datasheet>
      <fields>
        <field name="JLCPCB BOM">0</field>
      </fields>
      <libsource lib="Device" part="C" description="Unpolarized capacitor"/>
      <sheetpath names="/" tstamps="/"/>
      <tstamp>5D183881</tstamp>
    </comp>
    <comp ref="C6">
      <value>1uF</value>
      <footprint>Capacitor_SMD:C_0603_1608Metric</footprint>
      <datasheet>~</datasheet>
      <fields>
        <field name="LCSC">C15849</field>
        <field name="LCSC Part #">C15849</field>
      </fields>
      <libsource lib="Device" part="C" description="Unpolarized capacitor"/>
      <sheetpath names="/" tstamps="/"/>
      <tstamp>5D183905</tstamp>
    </comp>
    <comp ref="D1">
      <value>LED</value>
      <footprint>LED_SMD:LED_0603_1608Metric</footprint>
      <datasheet>~</datasheet>
      <fields>
        <field name="LCSC">C72038</field>
        <field name="LCSC Part #">C72038</field>
      </fields>
      <libsource lib="Device" part="LED" description="Light emitting diode"/>
      <sheetpath names="/" tstamps="/"/>
      <tstamp>5D187438</tstamp>
    </comp>
    <comp ref="R7">
      <value>4.7k</value>
      <footprint>Resistor_SMD:R_0603_1608Metric</footprint>
      <datasheet>~</datasheet>
      <fields>
        <field name="LCSC">C23162</field>
        <field name="LCSC Part #">C23162</field>
      </fields>
      <libsource lib="Device" part="R" description="Resistor"/>
      <sheetpath names="/" tstamps="/"/>
      <tstamp>5D1874C1</tstamp>
    </comp>
    <comp ref="D2">
      <value>LED</value>
      <footprint>LED_SMD:LED_0603_1608Metric</footprint>
      <datasheet>~</datasheet>
      <fields>
        <field name="LCSC">C72043</field>
        <field name="LCSC Part #">C72043</field>
      </fields>
      <libsource lib="Device" part="LED" description="Light emitting diode"/>
      <sheetpath names="/" tstamps="/"/>
      <tstamp>5D1AB855</tstamp>
    </comp>
    <comp ref="R8">
      <value>4.7k</value>
      <footprint>Resistor_SMD:R_0603_1608Metric</footprint>
      <datasheet>~</datasheet>
      <fields>
        <field name="LCSC">C23162</field>
        <field name="LCSC Part #">C23162</field>
      </fields>
      <libsource lib="Device" part="R" description="Resistor"/>
      <sheetpath names="/" tstamps="/"/>
      <tstamp>5D1AB85C</tstamp>
    </comp>
    <comp ref="J2">
      <value>USB_B_Micro</value>
      <footprint>Connector_USB:USB_Micro-B_Molex_47346-0001</footprint>
      <datasheet>~</datasheet>
      <fields>
        <field name="JLCPCB BOM">0</field>
      </fields>
      <libsource lib="STM32_SMD_Quadcopter-rescue" part="USB_B_Micro-Connector" description=""/>
      <sheetpath names="/" tstamps="/"/>
      <tstamp>5D1D8FC7</tstamp>
    </comp>
    <comp ref="U4">
      <value>STM32F446RETx</value>
      <footprint>Package_QFP:LQFP-64_10x10mm_P0.5mm</footprint>
      <datasheet>http://www.st.com/st-web-ui/static/active/en/resource/technical/document/datasheet/DM00141306.pdf</datasheet>
      <fields>
        <field name="LCSC">C69336</field>
        <field name="LCSC Part #">C69336</field>
      </fields>
      <libsource lib="MCU_ST_STM32F4" part="STM32F446RETx" description="ARM Cortex-M4 MCU, 512KB flash, 128KB RAM, 180MHz, 1.8-3.6V, 50 GPIO, LQFP-64"/>
      <sheetpath names="/" tstamps="/"/>
      <tstamp>5D1D966A</tstamp>
    </comp>
    <comp ref="Q3">
      <value>IRLML6244TR</value>
      <footprint>Package_TO_SOT_SMD:SOT-23_Handsoldering</footprint>
      <datasheet>https://www.infineon.com/dgdl/irlml6244pbf.pdf?fileId=5546d462533600a4015356686fed261f</datasheet>
      <fields>
        <field name="JLCPCB BOM">0</field>
      </fields>
      <libsource lib="Transistor_FET" part="MMBF170" description="0.5A Id, 60V Vds, N-Channel MOSFET, SOT-23"/>
      <sheetpath names="/" tstamps="/"/>
      <tstamp>5D1DA6FC</tstamp>
    </comp>
    <comp ref="M3">
      <value>Brushed_DC</value>
      <footprint>Connector_PinHeader_2.00mm:PinHeader_1x02_P2.00mm_Vertical</footprint>
      <datasheet>~</datasheet>
      <fields>
        <field name="JLCPCB BOM">0</field>
      </fields>
      <libsource lib="Motor" part="Motor_DC" description="DC Motor"/>
      <sheetpath names="/" tstamps="/"/>
      <tstamp>5D1DA884</tstamp>
    </comp>
    <comp ref="D5">
      <value>10V</value>
      <footprint>Diode_SMD:D_0805_2012Metric</footprint>
      <datasheet>~</datasheet>
      <fields>
        <field name="JLCPCB BOM">0</field>
      </fields>
      <libsource lib="Device" part="D_Zener" description="Zener diode"/>
      <sheetpath names="/" tstamps="/"/>
      <tstamp>5D1DAB06</tstamp>
    </comp>
    <comp ref="R12">
      <value>4.7K</value>
      <footprint>Resistor_SMD:R_0603_1608Metric</footprint>
      <datasheet>~</datasheet>
      <fields>
        <field name="LCSC">C23162</field>
        <field name="LCSC Part #">C23162</field>
      </fields>
      <libsource lib="Device" part="R" description="Resistor"/>
      <sheetpath names="/" tstamps="/"/>
      <tstamp>5D1DACFE</tstamp>
    </comp>
    <comp ref="R11">
      <value>33</value>
      <footprint>Resistor_SMD:R_0603_1608Metric</footprint>
      <datasheet>~</datasheet>
      <fields>
        <field name="LCSC">C23140</field>
        <field name="LCSC Part #">C23140</field>
      </fields>
      <libsource lib="Device" part="R" description="Resistor"/>
      <sheetpath names="/" tstamps="/"/>
      <tstamp>5D1DAE36</tstamp>
    </comp>
    <comp ref="C8">
      <value>0.1uF</value>
      <footprint>Capacitor_SMD:C_0402_1005Metric</footprint>
      <datasheet>~</datasheet>
      <fields>
        <field name="LCSC">C1525</field>
        <field name="LCSC Part #">C1525</field>
      </fields>
      <libsource lib="Device" part="C" description="Unpolarized capacitor"/>
      <sheetpath names="/" tstamps="/"/>
      <tstamp>5D1DAEC4</tstamp>
    </comp>
    <comp ref="Q4">
      <value>IRLML6244TR</value>
      <footprint>Package_TO_SOT_SMD:SOT-23_Handsoldering</footprint>
      <datasheet>https://www.infineon.com/dgdl/irlml6244pbf.pdf?fileId=5546d462533600a4015356686fed261f</datasheet>
      <fields>
        <field name="JLCPCB BOM">0</field>
      </fields>
      <libsource lib="Transistor_FET" part="MMBF170" description="0.5A Id, 60V Vds, N-Channel MOSFET, SOT-23"/>
      <sheetpath names="/" tstamps="/"/>
      <tstamp>5D1E41CE</tstamp>
    </comp>
    <comp ref="M4">
      <value>Brushed_DC</value>
      <footprint>Connector_PinHeader_2.00mm:PinHeader_1x02_P2.00mm_Vertical</footprint>
      <datasheet>~</datasheet>
      <fields>
        <field name="JLCPCB BOM">0</field>
      </fields>
      <libsource lib="Motor" part="Motor_DC" description="DC Motor"/>
      <sheetpath names="/" tstamps="/"/>
      <tstamp>5D1E41D4</tstamp>
    </comp>
    <comp ref="D6">
      <value>10V</value>
      <footprint>Diode_SMD:D_0805_2012Metric</footprint>
      <datasheet>~</datasheet>
      <fields>
        <field name="JLCPCB BOM">0</field>
      </fields>
      <libsource lib="Device" part="D_Zener" description="Zener diode"/>
      <sheetpath names="/" tstamps="/"/>
      <tstamp>5D1E41DA</tstamp>
    </comp>
    <comp ref="R14">
      <value>4.7K</value>
      <footprint>Resistor_SMD:R_0603_1608Metric</footprint>
      <datasheet>~</datasheet>
      <fields>
        <field name="LCSC">C23162</field>
        <field name="LCSC Part #">C23162</field>
      </fields>
      <libsource lib="Device" part="R" description="Resistor"/>
      <sheetpath names="/" tstamps="/"/>
      <tstamp>5D1E41E0</tstamp>
    </comp>
    <comp ref="R13">
      <value>33</value>
      <footprint>Resistor_SMD:R_0603_1608Metric</footprint>
      <datasheet>~</datasheet>
      <fields>
        <field name="LCSC">C23140</field>
        <field name="LCSC Part #">C23140</field>
      </fields>
      <libsource lib="Device" part="R" description="Resistor"/>
      <sheetpath names="/" tstamps="/"/>
      <tstamp>5D1E41E6</tstamp>
    </comp>
    <comp ref="C17">
      <value>0.1uF</value>
      <footprint>Capacitor_SMD:C_0402_1005Metric</footprint>
      <datasheet>~</datasheet>
      <fields>
        <field name="LCSC">C1525</field>
        <field name="LCSC Part #">C1525</field>
      </fields>
      <libsource lib="Device" part="C" description="Unpolarized capacitor"/>
      <sheetpath names="/" tstamps="/"/>
      <tstamp>5D1E41EC</tstamp>
    </comp>
    <comp ref="Q1">
      <value>IRLML6244TR</value>
      <footprint>Package_TO_SOT_SMD:SOT-23_Handsoldering</footprint>
      <datasheet>https://www.infineon.com/dgdl/irlml6244pbf.pdf?fileId=5546d462533600a4015356686fed261f</datasheet>
      <fields>
        <field name="JLCPCB BOM">0</field>
      </fields>
      <libsource lib="Transistor_FET" part="MMBF170" description="0.5A Id, 60V Vds, N-Channel MOSFET, SOT-23"/>
      <sheetpath names="/" tstamps="/"/>
      <tstamp>5D1E6613</tstamp>
    </comp>
    <comp ref="M1">
      <value>Brushed_DC</value>
      <footprint>Connector_PinHeader_2.00mm:PinHeader_1x02_P2.00mm_Vertical</footprint>
      <datasheet>~</datasheet>
      <fields>
        <field name="JLCPCB BOM">0</field>
      </fields>
      <libsource lib="Motor" part="Motor_DC" description="DC Motor"/>
      <sheetpath names="/" tstamps="/"/>
      <tstamp>5D1E6619</tstamp>
    </comp>
    <comp ref="D3">
      <value>10V</value>
      <footprint>Diode_SMD:D_0805_2012Metric</footprint>
      <datasheet>~</datasheet>
      <fields>
        <field name="JLCPCB BOM">0</field>
      </fields>
      <libsource lib="Device" part="D_Zener" description="Zener diode"/>
      <sheetpath names="/" tstamps="/"/>
      <tstamp>5D1E661F</tstamp>
    </comp>
    <comp ref="R3">
      <value>4.7K</value>
      <footprint>Resistor_SMD:R_0603_1608Metric</footprint>
      <datasheet>~</datasheet>
      <fields>
        <field name="LCSC">C23162</field>
        <field name="LCSC Part #">C23162</field>
      </fields>
      <libsource lib="Device" part="R" description="Resistor"/>
      <sheetpath names="/" tstamps="/"/>
      <tstamp>5D1E6625</tstamp>
    </comp>
    <comp ref="R1">
      <value>33</value>
      <footprint>Resistor_SMD:R_0603_1608Metric</footprint>
      <datasheet>~</datasheet>
      <fields>
        <field name="LCSC">C23140</field>
        <field name="LCSC Part #">C23140</field>
      </fields>
      <libsource lib="Device" part="R" description="Resistor"/>
      <sheetpath names="/" tstamps="/"/>
      <tstamp>5D1E662B</tstamp>
    </comp>
    <comp ref="C1">
      <value>0.1uF</value>
      <footprint>Capacitor_SMD:C_0402_1005Metric</footprint>
      <datasheet>~</datasheet>
      <fields>
        <field name="LCSC">C1525</field>
        <field name="LCSC Part #">C1525</field>
      </fields>
      <libsource lib="Device" part="C" description="Unpolarized capacitor"/>
      <sheetpath names="/" tstamps="/"/>
      <tstamp>5D1E6631</tstamp>
    </comp>
    <comp ref="Q2">
      <value>IRLML6244TR</value>
      <footprint>Package_TO_SOT_SMD:SOT-23_Handsoldering</footprint>
      <datasheet>https://www.infineon.com/dgdl/irlml6244pbf.pdf?fileId=5546d462533600a4015356686fed261f</datasheet>
      <fields>
        <field name="JLCPCB BOM">0</field>
      </fields>
      <libsource lib="Transistor_FET" part="MMBF170" description="0.5A Id, 60V Vds, N-Channel MOSFET, SOT-23"/>
      <sheetpath names="/" tstamps="/"/>
      <tstamp>5D1E6659</tstamp>
    </comp>
    <comp ref="M2">
      <value>Brushed_DC</value>
      <footprint>Connector_PinHeader_2.00mm:PinHeader_1x02_P2.00mm_Vertical</footprint>
      <datasheet>~</datasheet>
      <fields>
        <field name="JLCPCB BOM">0</field>
      </fields>
      <libsource lib="Motor" part="Motor_DC" description="DC Motor"/>
      <sheetpath names="/" tstamps="/"/>
      <tstamp>5D1E665F</tstamp>
    </comp>
    <comp ref="D4">
      <value>10V</value>
      <footprint>Diode_SMD:D_0805_2012Metric</footprint>
      <datasheet>~</datasheet>
      <fields>
        <field name="JLCPCB BOM">0</field>
      </fields>
      <libsource lib="Device" part="D_Zener" description="Zener diode"/>
      <sheetpath names="/" tstamps="/"/>
      <tstamp>5D1E6665</tstamp>
    </comp>
    <comp ref="R10">
      <value>4.7K</value>
      <footprint>Resistor_SMD:R_0603_1608Metric</footprint>
      <datasheet>~</datasheet>
      <fields>
        <field name="LCSC">C23162</field>
        <field name="LCSC Part #">C23162</field>
      </fields>
      <libsource lib="Device" part="R" description="Resistor"/>
      <sheetpath names="/" tstamps="/"/>
      <tstamp>5D1E666B</tstamp>
    </comp>
    <comp ref="R9">
      <value>33</value>
      <footprint>Resistor_SMD:R_0603_1608Metric</footprint>
      <datasheet>~</datasheet>
      <fields>
        <field name="LCSC">C23140</field>
        <field name="LCSC Part #">C23140</field>
      </fields>
      <libsource lib="Device" part="R" description="Resistor"/>
      <sheetpath names="/" tstamps="/"/>
      <tstamp>5D1E6671</tstamp>
    </comp>
    <comp ref="C2">
      <value>0.1uF</value>
      <footprint>Capacitor_SMD:C_0402_1005Metric</footprint>
      <datasheet>~</datasheet>
      <fields>
        <field name="LCSC">C1525</field>
        <field name="LCSC Part #">C1525</field>
      </fields>
      <libsource lib="Device" part="C" description="Unpolarized capacitor"/>
      <sheetpath names="/" tstamps="/"/>
      <tstamp>5D1E6677</tstamp>
    </comp>
    <comp ref="SW1">
      <value>SW_Push</value>
      <footprint>Button_Switch_SMD:SW_SPST_B3U-1000P</footprint>
      <fields>
        <field name="JLCPCB BOM">0</field>
      </fields>
      <libsource lib="Switch" part="SW_Push" description="Push button switch, generic, two pins"/>
      <sheetpath names="/" tstamps="/"/>
      <tstamp>5D1F1728</tstamp>
    </comp>
    <comp ref="R17">
      <value>1K</value>
      <footprint>Resistor_SMD:R_0603_1608Metric</footprint>
      <datasheet>~</datasheet>
      <fields>
        <field name="LCSC">C21190</field>
        <field name="LCSC Part #">C21190</field>
      </fields>
      <libsource lib="Device" part="R" description="Resistor"/>
      <sheetpath names="/" tstamps="/"/>
      <tstamp>5D1F17C5</tstamp>
    </comp>
    <comp ref="C22">
      <value>2.2uF</value>
      <footprint>Capacitor_SMD:C_0603_1608Metric</footprint>
      <datasheet>~</datasheet>
      <fields>
        <field name="LCSC">C23630</field>
        <field name="LCSC Part #">C23630</field>
      </fields>
      <libsource lib="Device" part="C_Small" description="Unpolarized capacitor, small symbol"/>
      <sheetpath names="/" tstamps="/"/>
      <tstamp>5D24D0EE</tstamp>
    </comp>
    <comp ref="C18">
      <value>1uF</value>
      <footprint>Capacitor_SMD:C_0603_1608Metric</footprint>
      <datasheet>~</datasheet>
      <fields>
        <field name="LCSC">C15849</field>
        <field name="LCSC Part #">C15849</field>
      </fields>
      <libsource lib="Device" part="C_Small" description="Unpolarized capacitor, small symbol"/>
      <sheetpath names="/" tstamps="/"/>
      <tstamp>5D2A49D4</tstamp>
    </comp>
    <comp ref="C19">
      <value>10nF</value>
      <footprint>Capacitor_SMD:C_0603_1608Metric</footprint>
      <datasheet>~</datasheet>
      <fields>
        <field name="LCSC">C57112</field>
        <field name="LCSC Part #">C57112</field>
      </fields>
      <libsource lib="Device" part="C_Small" description="Unpolarized capacitor, small symbol"/>
      <sheetpath names="/" tstamps="/"/>
      <tstamp>5D2A4A60</tstamp>
    </comp>
    <comp ref="C9">
      <value>100nF</value>
      <footprint>Capacitor_SMD:C_0402_1005Metric</footprint>
      <datasheet>~</datasheet>
      <fields>
        <field name="LCSC">C1525</field>
        <field name="LCSC Part #">C1525</field>
      </fields>
      <libsource lib="Device" part="C_Small" description="Unpolarized capacitor, small symbol"/>
      <sheetpath names="/" tstamps="/"/>
      <tstamp>5D2BB81D</tstamp>
    </comp>
    <comp ref="D7">
      <value>RX</value>
      <footprint>LED_SMD:LED_0603_1608Metric</footprint>
      <datasheet>~</datasheet>
      <fields>
        <field name="LCSC">C72041</field>
        <field name="LCSC Part #">C72041</field>
      </fields>
      <libsource lib="Device" part="LED_Small" description="Light emitting diode, small symbol"/>
      <sheetpath names="/" tstamps="/"/>
      <tstamp>5DB598CB</tstamp>
    </comp>
    <comp ref="D8">
      <value>TX</value>
      <footprint>LED_SMD:LED_0603_1608Metric</footprint>
      <datasheet>~</datasheet>
      <fields>
        <field name="LCSC">C2286</field>
        <field name="LCSC Part #">C2286</field>
      </fields>
      <libsource lib="Device" part="LED_Small" description="Light emitting diode, small symbol"/>
      <sheetpath names="/" tstamps="/"/>
      <tstamp>5DB59C29</tstamp>
    </comp>
    <comp ref="R15">
      <value>2K</value>
      <footprint>Resistor_SMD:R_0603_1608Metric</footprint>
      <datasheet>~</datasheet>
      <fields>
        <field name="LCSC">C22975</field>
        <field name="LCSC Part #">C22975</field>
      </fields>
      <libsource lib="Device" part="R_Small" description="Resistor, small symbol"/>
      <sheetpath names="/" tstamps="/"/>
      <tstamp>5DB5A445</tstamp>
    </comp>
    <comp ref="R16">
      <value>2K</value>
      <footprint>Resistor_SMD:R_0603_1608Metric</footprint>
      <datasheet>~</datasheet>
      <fields>
        <field name="LCSC">C22975</field>
        <field name="LCSC Part #">C22975</field>
      </fields>
      <libsource lib="Device" part="R_Small" description="Resistor, small symbol"/>
      <sheetpath names="/" tstamps="/"/>
      <tstamp>5DB5A54F</tstamp>
    </comp>
    <comp ref="C5">
      <value>4.7uF</value>
      <footprint>Capacitor_SMD:C_1210_3225Metric</footprint>
      <datasheet>~</datasheet>
      <fields>
        <field name="JLCPCB BOM">0</field>
      </fields>
      <libsource lib="Device" part="C" description="Unpolarized capacitor"/>
      <sheetpath names="/" tstamps="/"/>
      <tstamp>5D1839CE</tstamp>
    </comp>
    <comp ref="C10">
      <value>100nF</value>
      <footprint>Capacitor_SMD:C_0402_1005Metric</footprint>
      <datasheet>~</datasheet>
      <fields>
        <field name="LCSC">C1525</field>
        <field name="LCSC Part #">C1525</field>
      </fields>
      <libsource lib="Device" part="C" description="Unpolarized capacitor"/>
      <sheetpath names="/" tstamps="/"/>
      <tstamp>5E9A55F7</tstamp>
    </comp>
    <comp ref="J5">
      <value>DSMX</value>
      <footprint>Connector_PinHeader_2.54mm:PinHeader_1x03_P2.54mm_Vertical</footprint>
      <datasheet>~</datasheet>
      <fields>
        <field name="JLCPCB BOM">0</field>
      </fields>
      <libsource lib="Connector_Generic" part="Conn_01x03" description="Generic connector, single row, 01x03, script generated (kicad-library-utils/schlib/autogen/connector/)"/>
      <sheetpath names="/" tstamps="/"/>
      <tstamp>5E9FBB50</tstamp>
    </comp>
    <comp ref="R2">
      <value>220</value>
      <footprint>Resistor_SMD:R_0603_1608Metric</footprint>
      <datasheet>~</datasheet>
      <fields>
        <field name="LCSC">C22962</field>
        <field name="LCSC Part #">C22962</field>
      </fields>
      <libsource lib="Device" part="R" description="Resistor"/>
      <sheetpath names="/" tstamps="/"/>
      <tstamp>5EA2C14D</tstamp>
    </comp>
    <comp ref="J3">
      <value>Micro_SD_Card_Det</value>
      <footprint>Connector_Card:microSD_HC_Hirose_DM3D-SF</footprint>
      <datasheet>https://www.hirose.com/product/en/download_file/key_name/DM3/category/Catalog/doc_file_id/49662/?file_category_id=4&amp;item_id=195&amp;is_series=1</datasheet>
      <fields>
        <field name="JLCPCB BOM">0</field>
      </fields>
      <libsource lib="Connector" part="Micro_SD_Card_Det" description="Micro SD Card Socket with card detection pins"/>
      <sheetpath names="/" tstamps="/"/>
      <tstamp>5EAFBA60</tstamp>
    </comp>
    <comp ref="J4">
      <value>DEBUG</value>
      <footprint>Connector_PinSocket_1.27mm:PinSocket_2x05_P1.27mm_Vertical_SMD</footprint>
      <datasheet>~</datasheet>
      <fields>
        <field name="JLCPCB BOM">0</field>
      </fields>
      <libsource lib="Connector_Generic" part="Conn_02x05_Odd_Even" description="Generic connector, double row, 02x05, odd/even pin numbering scheme (row 1 odd numbers, row 2 even numbers), script generated (kicad-library-utils/schlib/autogen/connector/)"/>
      <sheetpath names="/" tstamps="/"/>
      <tstamp>5FCE1C3D</tstamp>
    </comp>
    <comp ref="Y1">
      <value>16MHz X322516MLB4SI</value>
      <footprint>Crystal:Crystal_SMD_3225-4Pin_3.2x2.5mm</footprint>
      <datasheet>~</datasheet>
      <fields>
        <field name="LCSC">C13738</field>
        <field name="LCSC Part #">C13738</field>
      </fields>
      <libsource lib="Device" part="Crystal_GND24_Small" description="Four pin crystal, GND on pins 2 and 4, small symbol"/>
      <sheetpath names="/" tstamps="/"/>
      <tstamp>5FE60176</tstamp>
    </comp>
    <comp ref="C20">
      <value>12pF</value>
      <footprint>Capacitor_SMD:C_0603_1608Metric</footprint>
      <datasheet>~</datasheet>
      <fields>
        <field name="LCSC">C38523</field>
        <field name="LCSC Part #">C38523</field>
      </fields>
      <libsource lib="Device" part="C_Small" description="Unpolarized capacitor, small symbol"/>
      <sheetpath names="/" tstamps="/"/>
      <tstamp>5FEF6332</tstamp>
    </comp>
    <comp ref="C21">
      <value>12pF</value>
      <footprint>Capacitor_SMD:C_0603_1608Metric</footprint>
      <datasheet>~</datasheet>
      <fields>
        <field name="LCSC">C38523</field>
        <field name="LCSC Part #">C38523</field>
      </fields>
      <libsource lib="Device" part="C_Small" description="Unpolarized capacitor, small symbol"/>
      <sheetpath names="/" tstamps="/"/>
      <tstamp>5FEF825A</tstamp>
    </comp>
    <comp ref="R4">
      <value>30K</value>
      <footprint>Resistor_SMD:R_0603_1608Metric</footprint>
      <datasheet>~</datasheet>
      <fields>
        <field name="LCSC">C22984</field>
        <field name="LCSC Part #">C22984</field>
      </fields>
      <libsource lib="Device" part="R" description="Resistor"/>
      <sheetpath names="/" tstamps="/"/>
      <tstamp>5EA7F42D</tstamp>
    </comp>
    <comp ref="R5">
      <value>100K</value>
      <footprint>Resistor_SMD:R_0603_1608Metric</footprint>
      <datasheet>~</datasheet>
      <fields>
        <field name="LCSC">C25803</field>
        <field name="LCSC Part #">C25803</field>
      </fields>
      <libsource lib="Device" part="R" description="Resistor"/>
      <sheetpath names="/" tstamps="/"/>
      <tstamp>5EA7F4C7</tstamp>
    </comp>
    <comp ref="R25">
      <value>22</value>
      <footprint>Resistor_SMD:R_0402_1005Metric</footprint>
      <datasheet>~</datasheet>
      <fields>
        <field name="LCSC">C25092</field>
        <field name="LCSC Part #">C25092</field>
      </fields>
      <libsource lib="Device" part="R" description="Resistor"/>
      <sheetpath names="/" tstamps="/"/>
      <tstamp>60714393</tstamp>
    </comp>
    <comp ref="U3">
      <value>FT230XQ</value>
      <footprint>Package_DFN_QFN:QFN-16-1EP_4x4mm_P0.65mm_EP2.5x2.5mm</footprint>
      <datasheet>http://www.ftdichip.com/Products/ICs/FT230X.html</datasheet>
      <fields>
        <field name="LCSC">C128629</field>
        <field name="LCSC Part #">C128629</field>
      </fields>
      <libsource lib="STM32_SMD_Quadcopter-rescue" part="FT230XQ-Interface_USB" description=""/>
      <sheetpath names="/" tstamps="/"/>
      <tstamp>5D7FF237</tstamp>
    </comp>
    <comp ref="U1">
      <value>AMS1117-3.3</value>
      <footprint>Package_TO_SOT_SMD:SOT-223-3_TabPin2</footprint>
      <datasheet>http://www.advanced-monolithic.com/pdf/ds1117.pdf</datasheet>
      <fields>
        <field name="JLCPCB BOM">0</field>
      </fields>
      <libsource lib="Regulator_Linear" part="AMS1117-3.3" description="1A Low Dropout regulator, positive, 3.3V fixed output, SOT-223"/>
      <sheetpath names="/" tstamps="/"/>
      <tstamp>606C8074</tstamp>
    </comp>
    <comp ref="U5">
      <value>MPU-6050</value>
      <footprint>Sensor_Motion:InvenSense_QFN-24_4x4mm_P0.5mm</footprint>
      <datasheet>https://store.invensense.com/datasheets/invensense/MPU-6050_DataSheet_V3%204.pdf</datasheet>
      <fields>
        <field name="LCSC">C24112</field>
        <field name="LCSC Part #">C24112</field>
      </fields>
      <libsource lib="Sensor_Motion" part="MPU-6050" description="InvenSense 6-Axis Motion Sensor, Gyroscope, Accelerometer, I2C"/>
      <sheetpath names="/" tstamps="/"/>
      <tstamp>6026A194</tstamp>
    </comp>
    <comp ref="C12">
      <value>2.2nF, 50V</value>
      <footprint>Capacitor_SMD:C_0805_2012Metric</footprint>
      <datasheet>~</datasheet>
      <fields>
        <field name="LCSC">C28260</field>
        <field name="LCSC Part #">C28260</field>
      </fields>
      <libsource lib="Device" part="C_Small" description="Unpolarized capacitor, small symbol"/>
      <sheetpath names="/" tstamps="/"/>
      <tstamp>60322C54</tstamp>
    </comp>
    <comp ref="C11">
      <value>0.1uF 2V</value>
      <footprint>Capacitor_SMD:C_0402_1005Metric</footprint>
      <datasheet>~</datasheet>
      <fields>
        <field name="LCSC">C1525</field>
        <field name="LCSC Part #">C1525</field>
      </fields>
      <libsource lib="Device" part="C_Small" description="Unpolarized capacitor, small symbol"/>
      <sheetpath names="/" tstamps="/"/>
      <tstamp>60324213</tstamp>
    </comp>
    <comp ref="C4">
      <value>10nF, 4V</value>
      <footprint>Capacitor_SMD:C_0402_1005Metric</footprint>
      <datasheet>~</datasheet>
      <fields>
        <field name="LCSC">C15195</field>
        <field name="LCSC Part #">C15195</field>
      </fields>
      <libsource lib="Device" part="C_Small" description="Unpolarized capacitor, small symbol"/>
      <sheetpath names="/" tstamps="/"/>
      <tstamp>603A6A19</tstamp>
    </comp>
    <comp ref="C7">
      <value>0.1uF 4V</value>
      <footprint>Capacitor_SMD:C_0402_1005Metric</footprint>
      <datasheet>~</datasheet>
      <fields>
        <field name="LCSC">C1525</field>
        <field name="LCSC Part #">C1525</field>
      </fields>
      <libsource lib="Device" part="C_Small" description="Unpolarized capacitor, small symbol"/>
      <sheetpath names="/" tstamps="/"/>
      <tstamp>603EDCE2</tstamp>
    </comp>
    <comp ref="R6">
      <value>4.7K</value>
      <footprint>Resistor_SMD:R_0603_1608Metric</footprint>
      <datasheet>~</datasheet>
      <fields>
        <field name="LCSC">C23162</field>
        <field name="LCSC Part #">C23162</field>
      </fields>
      <libsource lib="Device" part="R_Small" description="Resistor, small symbol"/>
      <sheetpath names="/" tstamps="/"/>
      <tstamp>60436ABA</tstamp>
    </comp>
    <comp ref="R18">
      <value>4.7K</value>
      <footprint>Resistor_SMD:R_0603_1608Metric</footprint>
      <datasheet>~</datasheet>
      <fields>
        <field name="LCSC">C23162</field>
        <field name="LCSC Part #">C23162</field>
      </fields>
      <libsource lib="Device" part="R_Small" description="Resistor, small symbol"/>
      <sheetpath names="/" tstamps="/"/>
      <tstamp>604383FB</tstamp>
    </comp>
  </components>
  <libparts>
    <libpart lib="Connector" part="Micro_SD_Card_Det">
      <aliases>
        <alias>Micro_SD_Card_Det_Hirose_DM3AT</alias>
      </aliases>
      <description>Micro SD Card Socket with card detection pins</description>
      <docs>https://www.hirose.com/product/en/download_file/key_name/DM3/category/Catalog/doc_file_id/49662/?file_category_id=4&amp;item_id=195&amp;is_series=1</docs>
      <footprints>
        <fp>microSD*</fp>
      </footprints>
      <fields>
        <field name="Reference">J</field>
        <field name="Value">Micro_SD_Card_Det</field>
      </fields>
      <pins>
        <pin num="1" name="DAT2" type="BiDi"/>
        <pin num="2" name="DAT3/CD" type="BiDi"/>
        <pin num="3" name="CMD" type="input"/>
        <pin num="4" name="VDD" type="power_in"/>
        <pin num="5" name="CLK" type="input"/>
        <pin num="6" name="VSS" type="power_in"/>
        <pin num="7" name="DAT0" type="BiDi"/>
        <pin num="8" name="DAT1" type="BiDi"/>
        <pin num="9" name="DET_B" type="passive"/>
        <pin num="10" name="DET_A" type="passive"/>
        <pin num="11" name="SHIELD" type="passive"/>
      </pins>
    </libpart>
    <libpart lib="Connector_Generic" part="Conn_01x02">
      <description>Generic connector, single row, 01x02, script generated (kicad-library-utils/schlib/autogen/connector/)</description>
      <docs>~</docs>
      <footprints>
        <fp>Connector*:*_1x??_*</fp>
      </footprints>
      <fields>
        <field name="Reference">J</field>
        <field name="Value">Conn_01x02</field>
      </fields>
      <pins>
        <pin num="1" name="Pin_1" type="passive"/>
        <pin num="2" name="Pin_2" type="passive"/>
      </pins>
    </libpart>
    <libpart lib="Connector_Generic" part="Conn_01x03">
      <description>Generic connector, single row, 01x03, script generated (kicad-library-utils/schlib/autogen/connector/)</description>
      <docs>~</docs>
      <footprints>
        <fp>Connector*:*_1x??_*</fp>
      </footprints>
      <fields>
        <field name="Reference">J</field>
        <field name="Value">Conn_01x03</field>
      </fields>
      <pins>
        <pin num="1" name="Pin_1" type="passive"/>
        <pin num="2" name="Pin_2" type="passive"/>
        <pin num="3" name="Pin_3" type="passive"/>
      </pins>
    </libpart>
    <libpart lib="Connector_Generic" part="Conn_02x05_Odd_Even">
      <description>Generic connector, double row, 02x05, odd/even pin numbering scheme (row 1 odd numbers, row 2 even numbers), script generated (kicad-library-utils/schlib/autogen/connector/)</description>
      <docs>~</docs>
      <footprints>
        <fp>Connector*:*_2x??_*</fp>
      </footprints>
      <fields>
        <field name="Reference">J</field>
        <field name="Value">Conn_02x05_Odd_Even</field>
      </fields>
      <pins>
        <pin num="1" name="Pin_1" type="passive"/>
        <pin num="2" name="Pin_2" type="passive"/>
        <pin num="3" name="Pin_3" type="passive"/>
        <pin num="4" name="Pin_4" type="passive"/>
        <pin num="5" name="Pin_5" type="passive"/>
        <pin num="6" name="Pin_6" type="passive"/>
        <pin num="7" name="Pin_7" type="passive"/>
        <pin num="8" name="Pin_8" type="passive"/>
        <pin num="9" name="Pin_9" type="passive"/>
        <pin num="10" name="Pin_10" type="passive"/>
      </pins>
    </libpart>
    <libpart lib="Device" part="C">
      <description>Unpolarized capacitor</description>
      <docs>~</docs>
      <footprints>
        <fp>C_*</fp>
      </footprints>
      <fields>
        <field name="Reference">C</field>
        <field name="Value">C</field>
      </fields>
      <pins>
        <pin num="1" name="~" type="passive"/>
        <pin num="2" name="~" type="passive"/>
      </pins>
    </libpart>
    <libpart lib="Device" part="C_Small">
      <description>Unpolarized capacitor, small symbol</description>
      <docs>~</docs>
      <footprints>
        <fp>C_*</fp>
      </footprints>
      <fields>
        <field name="Reference">C</field>
        <field name="Value">C_Small</field>
      </fields>
      <pins>
        <pin num="1" name="~" type="passive"/>
        <pin num="2" name="~" type="passive"/>
      </pins>
    </libpart>
    <libpart lib="Device" part="Crystal_GND24_Small">
      <description>Four pin crystal, GND on pins 2 and 4, small symbol</description>
      <docs>~</docs>
      <footprints>
        <fp>Crystal*</fp>
      </footprints>
      <fields>
        <field name="Reference">Y</field>
        <field name="Value">Crystal_GND24_Small</field>
      </fields>
      <pins>
        <pin num="1" name="1" type="passive"/>
        <pin num="2" name="2" type="passive"/>
        <pin num="3" name="3" type="passive"/>
        <pin num="4" name="4" type="passive"/>
      </pins>
    </libpart>
    <libpart lib="Device" part="D_Zener">
      <description>Zener diode</description>
      <docs>~</docs>
      <footprints>
        <fp>TO-???*</fp>
        <fp>*_Diode_*</fp>
        <fp>*SingleDiode*</fp>
        <fp>D_*</fp>
      </footprints>
      <fields>
        <field name="Reference">D</field>
        <field name="Value">D_Zener</field>
      </fields>
      <pins>
        <pin num="1" name="K" type="passive"/>
        <pin num="2" name="A" type="passive"/>
      </pins>
    </libpart>
    <libpart lib="Device" part="LED">
      <description>Light emitting diode</description>
      <docs>~</docs>
      <footprints>
        <fp>LED*</fp>
        <fp>LED_SMD:*</fp>
        <fp>LED_THT:*</fp>
      </footprints>
      <fields>
        <field name="Reference">D</field>
        <field name="Value">LED</field>
      </fields>
      <pins>
        <pin num="1" name="K" type="passive"/>
        <pin num="2" name="A" type="passive"/>
      </pins>
    </libpart>
    <libpart lib="Device" part="LED_Small">
      <description>Light emitting diode, small symbol</description>
      <docs>~</docs>
      <footprints>
        <fp>LED*</fp>
        <fp>LED_SMD:*</fp>
        <fp>LED_THT:*</fp>
      </footprints>
      <fields>
        <field name="Reference">D</field>
        <field name="Value">LED_Small</field>
      </fields>
      <pins>
        <pin num="1" name="K" type="passive"/>
        <pin num="2" name="A" type="passive"/>
      </pins>
    </libpart>
    <libpart lib="Device" part="R">
      <description>Resistor</description>
      <docs>~</docs>
      <footprints>
        <fp>R_*</fp>
      </footprints>
      <fields>
        <field name="Reference">R</field>
        <field name="Value">R</field>
      </fields>
      <pins>
        <pin num="1" name="~" type="passive"/>
        <pin num="2" name="~" type="passive"/>
      </pins>
    </libpart>
    <libpart lib="Device" part="R_Small">
      <description>Resistor, small symbol</description>
      <docs>~</docs>
      <footprints>
        <fp>R_*</fp>
      </footprints>
      <fields>
        <field name="Reference">R</field>
        <field name="Value">R_Small</field>
      </fields>
      <pins>
        <pin num="1" name="~" type="passive"/>
        <pin num="2" name="~" type="passive"/>
      </pins>
    </libpart>
    <libpart lib="MCU_ST_STM32F4" part="STM32F446RCTx">
      <aliases>
        <alias>STM32F446RETx</alias>
      </aliases>
      <description>ARM Cortex-M4 MCU, 256KB flash, 128KB RAM, 180MHz, 1.8-3.6V, 50 GPIO, LQFP-64</description>
      <docs>http://www.st.com/st-web-ui/static/active/en/resource/technical/document/datasheet/DM00141306.pdf</docs>
      <footprints>
        <fp>LQFP*10x10mm*P0.5mm*</fp>
      </footprints>
      <fields>
        <field name="Reference">U</field>
        <field name="Value">STM32F446RCTx</field>
        <field name="Footprint">Package_QFP:LQFP-64_10x10mm_P0.5mm</field>
      </fields>
      <pins>
        <pin num="1" name="VBAT" type="power_in"/>
        <pin num="2" name="PC13" type="BiDi"/>
        <pin num="3" name="PC14" type="BiDi"/>
        <pin num="4" name="PC15" type="BiDi"/>
        <pin num="5" name="PH0" type="input"/>
        <pin num="6" name="PH1" type="input"/>
        <pin num="7" name="NRST" type="input"/>
        <pin num="8" name="PC0" type="BiDi"/>
        <pin num="9" name="PC1" type="BiDi"/>
        <pin num="10" name="PC2" type="BiDi"/>
        <pin num="11" name="PC3" type="BiDi"/>
        <pin num="12" name="VSSA" type="power_in"/>
        <pin num="13" name="VDDA" type="power_in"/>
        <pin num="14" name="PA0" type="BiDi"/>
        <pin num="15" name="PA1" type="BiDi"/>
        <pin num="16" name="PA2" type="BiDi"/>
        <pin num="17" name="PA3" type="BiDi"/>
        <pin num="18" name="VSS" type="power_in"/>
        <pin num="19" name="VDD" type="power_in"/>
        <pin num="20" name="PA4" type="BiDi"/>
        <pin num="21" name="PA5" type="BiDi"/>
        <pin num="22" name="PA6" type="BiDi"/>
        <pin num="23" name="PA7" type="BiDi"/>
        <pin num="24" name="PC4" type="BiDi"/>
        <pin num="25" name="PC5" type="BiDi"/>
        <pin num="26" name="PB0" type="BiDi"/>
        <pin num="27" name="PB1" type="BiDi"/>
        <pin num="28" name="PB2" type="BiDi"/>
        <pin num="29" name="PB10" type="BiDi"/>
        <pin num="30" name="VCAP_1" type="power_in"/>
        <pin num="31" name="VSS" type="power_in"/>
        <pin num="32" name="VDD" type="power_in"/>
        <pin num="33" name="PB12" type="BiDi"/>
        <pin num="34" name="PB13" type="BiDi"/>
        <pin num="35" name="PB14" type="BiDi"/>
        <pin num="36" name="PB15" type="BiDi"/>
        <pin num="37" name="PC6" type="BiDi"/>
        <pin num="38" name="PC7" type="BiDi"/>
        <pin num="39" name="PC8" type="BiDi"/>
        <pin num="40" name="PC9" type="BiDi"/>
        <pin num="41" name="PA8" type="BiDi"/>
        <pin num="42" name="PA9" type="BiDi"/>
        <pin num="43" name="PA10" type="BiDi"/>
        <pin num="44" name="PA11" type="BiDi"/>
        <pin num="45" name="PA12" type="BiDi"/>
        <pin num="46" name="PA13" type="BiDi"/>
        <pin num="47" name="VSS" type="power_in"/>
        <pin num="48" name="VDD" type="power_in"/>
        <pin num="49" name="PA14" type="BiDi"/>
        <pin num="50" name="PA15" type="BiDi"/>
        <pin num="51" name="PC10" type="BiDi"/>
        <pin num="52" name="PC11" type="BiDi"/>
        <pin num="53" name="PC12" type="BiDi"/>
        <pin num="54" name="PD2" type="BiDi"/>
        <pin num="55" name="PB3" type="BiDi"/>
        <pin num="56" name="PB4" type="BiDi"/>
        <pin num="57" name="PB5" type="BiDi"/>
        <pin num="58" name="PB6" type="BiDi"/>
        <pin num="59" name="PB7" type="BiDi"/>
        <pin num="60" name="BOOT0" type="input"/>
        <pin num="61" name="PB8" type="BiDi"/>
        <pin num="62" name="PB9" type="BiDi"/>
        <pin num="63" name="VSS" type="power_in"/>
        <pin num="64" name="VDD" type="power_in"/>
      </pins>
    </libpart>
    <libpart lib="Motor" part="Motor_DC">
      <description>DC Motor</description>
      <docs>~</docs>
      <footprints>
        <fp>PinHeader*P2.54mm*</fp>
        <fp>TerminalBlock*</fp>
      </footprints>
      <fields>
        <field name="Reference">M</field>
        <field name="Value">Motor_DC</field>
      </fields>
      <pins>
        <pin num="1" name="+" type="passive"/>
        <pin num="2" name="-" type="passive"/>
      </pins>
    </libpart>
    <libpart lib="Regulator_Linear" part="AP1117-15">
      <aliases>
        <alias>AP1117-18</alias>
        <alias>AP1117-25</alias>
        <alias>AP1117-33</alias>
        <alias>AP1117-50</alias>
        <alias>LD1117S33TR_SOT223</alias>
        <alias>LD1117S12TR_SOT223</alias>
        <alias>LD1117S18TR_SOT223</alias>
        <alias>LD1117S25TR_SOT223</alias>
        <alias>LD1117S50TR_SOT223</alias>
        <alias>NCP1117-12_SOT223</alias>
        <alias>NCP1117-1.5_SOT223</alias>
        <alias>NCP1117-1.8_SOT223</alias>
        <alias>NCP1117-2.0_SOT223</alias>
        <alias>NCP1117-2.5_SOT223</alias>
        <alias>NCP1117-2.85_SOT223</alias>
        <alias>NCP1117-3.3_SOT223</alias>
        <alias>NCP1117-5.0_SOT223</alias>
        <alias>AMS1117-1.5</alias>
        <alias>AMS1117-1.8</alias>
        <alias>AMS1117-2.5</alias>
        <alias>AMS1117-2.85</alias>
        <alias>AMS1117-3.3</alias>
        <alias>AMS1117-5.0</alias>
      </aliases>
      <description>1A Low Dropout regulator, positive, 1.5V fixed output, SOT-223</description>
      <docs>http://www.diodes.com/datasheets/AP1117.pdf</docs>
      <footprints>
        <fp>SOT?223*TabPin2*</fp>
      </footprints>
      <fields>
        <field name="Reference">U</field>
        <field name="Value">AP1117-15</field>
        <field name="Footprint">Package_TO_SOT_SMD:SOT-223-3_TabPin2</field>
      </fields>
      <pins>
        <pin num="1" name="GND" type="power_in"/>
        <pin num="2" name="VO" type="power_out"/>
        <pin num="3" name="VI" type="power_in"/>
      </pins>
    </libpart>
    <libpart lib="STM32_SMD_Quadcopter-rescue" part="FT230XQ-Interface_USB">
      <footprints>
        <fp>QFN*4x4mm*P0.65mm*</fp>
      </footprints>
      <fields>
        <field name="Reference">U</field>
        <field name="Value">FT230XQ-Interface_USB</field>
        <field name="Footprint">Package_DFN_QFN:QFN-16-1EP_4x4mm_P0.65mm_EP2.5x2.5mm</field>
      </fields>
      <pins>
        <pin num="1" name="VCCIO" type="power_in"/>
        <pin num="2" name="RXD" type="input"/>
        <pin num="3" name="GND" type="power_in"/>
        <pin num="4" name="~CTS" type="input"/>
        <pin num="5" name="CBUS2" type="BiDi"/>
        <pin num="6" name="USBDP" type="BiDi"/>
        <pin num="7" name="USBDM" type="BiDi"/>
        <pin num="8" name="3V3OUT" type="power_out"/>
        <pin num="9" name="~RESET" type="input"/>
        <pin num="10" name="VCC" type="power_in"/>
        <pin num="11" name="CBUS1" type="BiDi"/>
        <pin num="12" name="CBUS0" type="BiDi"/>
        <pin num="13" name="GND" type="power_in"/>
        <pin num="14" name="CBUS3" type="BiDi"/>
        <pin num="15" name="TXD" type="output"/>
        <pin num="16" name="~RTS" type="input"/>
        <pin num="17" name="GND" type="power_in"/>
      </pins>
    </libpart>
    <libpart lib="STM32_SMD_Quadcopter-rescue" part="USB_B_Micro-Connector">
      <footprints>
        <fp>USB*</fp>
      </footprints>
      <fields>
        <field name="Reference">J</field>
        <field name="Value">USB_B_Micro-Connector</field>
      </fields>
      <pins>
        <pin num="1" name="VBUS" type="power_out"/>
        <pin num="2" name="D-" type="passive"/>
        <pin num="3" name="D+" type="passive"/>
        <pin num="4" name="ID" type="passive"/>
        <pin num="5" name="GND" type="power_out"/>
        <pin num="6" name="Shield" type="passive"/>
      </pins>
    </libpart>
    <libpart lib="Sensor_Motion" part="MPU-6050">
      <description>InvenSense 6-Axis Motion Sensor, Gyroscope, Accelerometer, I2C</description>
      <docs>https://store.invensense.com/datasheets/invensense/MPU-6050_DataSheet_V3%204.pdf</docs>
      <footprints>
        <fp>*QFN-24*4x4mm*P0.5mm*</fp>
      </footprints>
      <fields>
        <field name="Reference">U</field>
        <field name="Value">MPU-6050</field>
        <field name="Footprint">Sensor_Motion:InvenSense_QFN-24_4x4mm_P0.5mm</field>
      </fields>
      <pins>
        <pin num="1" name="CLKIN" type="input"/>
        <pin num="6" name="AUX_SDA" type="BiDi"/>
        <pin num="7" name="AUX_SCL" type="output"/>
        <pin num="8" name="VDDIO" type="power_in"/>
        <pin num="9" name="AD0" type="input"/>
        <pin num="10" name="REGOUT" type="passive"/>
        <pin num="11" name="FSYNC" type="input"/>
        <pin num="12" name="INT" type="output"/>
        <pin num="13" name="VDD" type="power_in"/>
        <pin num="18" name="GND" type="power_in"/>
        <pin num="20" name="CPOUT" type="passive"/>
        <pin num="23" name="SCL" type="input"/>
        <pin num="24" name="SDA" type="BiDi"/>
      </pins>
    </libpart>
    <libpart lib="Switch" part="SW_Push">
      <description>Push button switch, generic, two pins</description>
      <docs>~</docs>
      <fields>
        <field name="Reference">SW</field>
        <field name="Value">SW_Push</field>
      </fields>
      <pins>
        <pin num="1" name="1" type="passive"/>
        <pin num="2" name="2" type="passive"/>
      </pins>
    </libpart>
    <libpart lib="Transistor_FET" part="BSS138">
      <aliases>
        <alias>2N7002</alias>
        <alias>2N7002E</alias>
        <alias>2N7002H</alias>
        <alias>2N7002K</alias>
        <alias>BS170F</alias>
        <alias>BS870</alias>
        <alias>BSN20</alias>
        <alias>BSS123</alias>
        <alias>BSS127S</alias>
        <alias>DMG2302U</alias>
        <alias>DMG3402L</alias>
        <alias>DMG3404L</alias>
        <alias>DMG3406L</alias>
        <alias>DMG3414U</alias>
        <alias>DMG3418L</alias>
        <alias>DMN10H220L</alias>
        <alias>DMN10H700S</alias>
        <alias>DMN13H750S</alias>
        <alias>DMN2041L</alias>
        <alias>DMN2050L</alias>
        <alias>DMN2056U</alias>
        <alias>DMN2058U</alias>
        <alias>DMN2075U</alias>
        <alias>DMN2230U</alias>
        <alias>DMN24H11DS</alias>
        <alias>DMN24H3D5L</alias>
        <alias>DMN3042L</alias>
        <alias>DMN3051L</alias>
        <alias>DMN30H4D0L</alias>
        <alias>DMN3110S</alias>
        <alias>DMN3150L</alias>
        <alias>DMN3300U</alias>
        <alias>DMN3404L</alias>
        <alias>DMN6075S</alias>
        <alias>DMN6140L</alias>
        <alias>DMN67D7L</alias>
        <alias>DMN67D8L</alias>
        <alias>MMBF170</alias>
        <alias>VN10LF</alias>
        <alias>ZVN3306F</alias>
        <alias>ZVN3310F</alias>
        <alias>ZVN3320F</alias>
        <alias>ZVN4106F</alias>
        <alias>ZXM61N02F</alias>
        <alias>ZXM61N03F</alias>
        <alias>ZXMN10A07F</alias>
        <alias>ZXMN2A01F</alias>
        <alias>ZXMN2A14F</alias>
        <alias>ZXMN2B01F</alias>
        <alias>ZXMN2B14FH</alias>
        <alias>ZXMN2F30FH</alias>
        <alias>ZXMN2F34FH</alias>
        <alias>ZXMN3A01F</alias>
        <alias>ZXMN3A14F</alias>
        <alias>ZXMN3B01F</alias>
        <alias>ZXMN3B14F</alias>
        <alias>ZXMN3F30FH</alias>
        <alias>ZXMN6A07F</alias>
        <alias>IRLML0030</alias>
        <alias>IRLML2060</alias>
        <alias>TSM2302CX</alias>
        <alias>AO3400A</alias>
      </aliases>
      <description>50V Vds, 0.22A Id, N-Channel MOSFET, SOT-23</description>
      <docs>https://www.onsemi.com/pub/Collateral/BSS138-D.PDF</docs>
      <footprints>
        <fp>SOT?23*</fp>
      </footprints>
      <fields>
        <field name="Reference">Q</field>
        <field name="Value">BSS138</field>
        <field name="Footprint">Package_TO_SOT_SMD:SOT-23</field>
      </fields>
      <pins>
        <pin num="1" name="G" type="input"/>
        <pin num="2" name="S" type="passive"/>
        <pin num="3" name="D" type="passive"/>
      </pins>
    </libpart>
  </libparts>
  <libraries>
    <library logical="Connector">
      <uri>C:\Program Files\KiCad\share\kicad\library/Connector.lib</uri>
    </library>
    <library logical="Connector_Generic">
      <uri>C:\Program Files\KiCad\share\kicad\library/Connector_Generic.lib</uri>
    </library>
    <library logical="Device">
      <uri>C:\Program Files\KiCad\share\kicad\library/Device.lib</uri>
    </library>
    <library logical="MCU_ST_STM32F4">
      <uri>C:\Program Files\KiCad\share\kicad\library/MCU_ST_STM32F4.lib</uri>
    </library>
    <library logical="Motor">
      <uri>C:\Program Files\KiCad\share\kicad\library/Motor.lib</uri>
    </library>
    <library logical="Regulator_Linear">
      <uri>C:\Program Files\KiCad\share\kicad\library/Regulator_Linear.lib</uri>
    </library>
    <library logical="STM32_SMD_Quadcopter-rescue">
      <uri>C:\Users\Michael\Documents\Robots\STM32Quadcopter\STM32_SMD_Quadcopter_PCB_V2\STM32_SMD_Quadcopter/STM32_SMD_Quadcopter-rescue.lib</uri>
    </library>
    <library logical="Sensor_Motion">
      <uri>C:\Program Files\KiCad\share\kicad\library/Sensor_Motion.lib</uri>
    </library>
    <library logical="Switch">
      <uri>C:\Program Files\KiCad\share\kicad\library/Switch.lib</uri>
    </library>
    <library logical="Transistor_FET">
      <uri>C:\Program Files\KiCad\share\kicad\library/Transistor_FET.lib</uri>
    </library>
  </libraries>
  <nets>
    <net code="1" name="Net-(U4-Pad51)">
      <node ref="U4" pin="51"/>
    </net>
    <net code="2" name="Net-(U4-Pad52)">
      <node ref="U4" pin="52"/>
    </net>
    <net code="3" name="Net-(U4-Pad15)">
      <node ref="U4" pin="15"/>
    </net>
    <net code="4" name="Net-(U4-Pad26)">
      <node ref="U4" pin="26"/>
    </net>
    <net code="8" name="VUSB">
      <node ref="U3" pin="10"/>
      <node ref="J2" pin="1"/>
    </net>
    <net code="9" name="Net-(U4-Pad39)">
      <node ref="U4" pin="39"/>
    </net>
    <net code="10" name="Net-(U4-Pad27)">
      <node ref="U4" pin="27"/>
    </net>
    <net code="11" name="Net-(U4-Pad28)">
      <node ref="U4" pin="28"/>
    </net>
    <net code="12" name="Net-(U4-Pad56)">
      <node ref="U4" pin="56"/>
    </net>
    <net code="13" name="Net-(U4-Pad33)">
      <node ref="U4" pin="33"/>
    </net>
    <net code="14" name="Net-(U4-Pad34)">
      <node ref="U4" pin="34"/>
    </net>
    <net code="15" name="Net-(U4-Pad35)">
      <node ref="U4" pin="35"/>
    </net>
    <net code="16" name="Net-(U4-Pad36)">
      <node ref="U4" pin="36"/>
    </net>
    <net code="17" name="Net-(U4-Pad4)">
      <node ref="U4" pin="4"/>
    </net>
    <net code="18" name="Net-(U4-Pad3)">
      <node ref="U4" pin="3"/>
    </net>
    <net code="19" name="Net-(U4-Pad53)">
      <node ref="U4" pin="53"/>
    </net>
    <net code="20" name="Net-(U4-Pad40)">
      <node ref="U4" pin="40"/>
    </net>
    <net code="21" name="Net-(U4-Pad38)">
      <node ref="U4" pin="38"/>
    </net>
    <net code="22" name="Net-(U4-Pad37)">
      <node ref="U4" pin="37"/>
    </net>
    <net code="23" name="Net-(U4-Pad25)">
      <node ref="U4" pin="25"/>
    </net>
    <net code="24" name="Net-(U4-Pad24)">
      <node ref="U4" pin="24"/>
    </net>
    <net code="25" name="Net-(U4-Pad54)">
      <node ref="U4" pin="54"/>
    </net>
    <net code="26" name="Net-(C22-Pad1)">
      <node ref="U4" pin="30"/>
      <node ref="C22" pin="1"/>
    </net>
    <net code="27" name="+BATT">
      <node ref="M1" pin="1"/>
      <node ref="M4" pin="1"/>
      <node ref="D3" pin="1"/>
      <node ref="C6" pin="1"/>
      <node ref="C3" pin="1"/>
      <node ref="J1" pin="2"/>
      <node ref="R4" pin="1"/>
      <node ref="U1" pin="3"/>
      <node ref="M3" pin="1"/>
      <node ref="D5" pin="1"/>
      <node ref="C8" pin="1"/>
      <node ref="D6" pin="1"/>
      <node ref="C17" pin="1"/>
      <node ref="C2" pin="1"/>
      <node ref="C1" pin="1"/>
      <node ref="D4" pin="1"/>
      <node ref="M2" pin="1"/>
    </net>
    <net code="28" name="DSMX">
      <node ref="R2" pin="2"/>
      <node ref="U4" pin="57"/>
    </net>
    <net code="29" name="Net-(U4-Pad11)">
      <node ref="U4" pin="11"/>
    </net>
    <net code="30" name="Net-(J3-Pad1)">
      <node ref="J3" pin="1"/>
    </net>
    <net code="31" name="SPI1_MOSI">
      <node ref="J3" pin="3"/>
      <node ref="U4" pin="23"/>
    </net>
    <net code="32" name="SPI1_SCK">
      <node ref="U4" pin="21"/>
      <node ref="J3" pin="5"/>
    </net>
    <net code="33" name="SPI1_MISO">
      <node ref="J3" pin="7"/>
      <node ref="U4" pin="22"/>
    </net>
    <net code="34" name="Net-(J3-Pad8)">
      <node ref="J3" pin="8"/>
    </net>
    <net code="35" name="Net-(J5-Pad1)">
      <node ref="J5" pin="1"/>
      <node ref="R2" pin="1"/>
    </net>
    <net code="36" name="Net-(U4-Pad50)">
      <node ref="U4" pin="50"/>
    </net>
    <net code="37" name="VSENSE">
      <node ref="U4" pin="45"/>
      <node ref="R4" pin="2"/>
      <node ref="R5" pin="1"/>
    </net>
    <net code="38" name="SD_CARD_CS">
      <node ref="J3" pin="2"/>
      <node ref="U4" pin="20"/>
    </net>
    <net code="39" name="USART1_TX">
      <node ref="U4" pin="58"/>
      <node ref="U3" pin="15"/>
    </net>
    <net code="40" name="USART1_RX">
      <node ref="U4" pin="59"/>
      <node ref="U3" pin="2"/>
    </net>
    <net code="41" name="Net-(J2-Pad4)">
      <node ref="J2" pin="4"/>
    </net>
    <net code="42" name="SYS_JTCL-SWO">
      <node ref="U4" pin="55"/>
      <node ref="J4" pin="6"/>
    </net>
    <net code="43" name="MOTOR_B">
      <node ref="U4" pin="41"/>
      <node ref="R9" pin="1"/>
    </net>
    <net code="44" name="MOTOR_A">
      <node ref="R1" pin="1"/>
      <node ref="U4" pin="42"/>
    </net>
    <net code="45" name="MOTOR_D">
      <node ref="U4" pin="43"/>
      <node ref="R13" pin="1"/>
    </net>
    <net code="46" name="MOTOR_C">
      <node ref="R11" pin="1"/>
      <node ref="U4" pin="44"/>
    </net>
    <net code="47" name="Status">
      <node ref="D2" pin="2"/>
      <node ref="U4" pin="2"/>
    </net>
    <net code="48" name="SYS_JTMS-SWDIO">
      <node ref="J4" pin="2"/>
      <node ref="U4" pin="46"/>
    </net>
    <net code="49" name="SYS_JTCL-SWCLK">
      <node ref="U4" pin="49"/>
      <node ref="J4" pin="4"/>
    </net>
    <net code="50" name="Net-(C10-Pad2)">
      <node ref="C10" pin="2"/>
      <node ref="R25" pin="1"/>
      <node ref="U3" pin="8"/>
      <node ref="U3" pin="9"/>
    </net>
    <net code="51" name="Net-(J2-Pad2)">
      <node ref="U3" pin="7"/>
      <node ref="J2" pin="2"/>
    </net>
    <net code="52" name="Net-(J2-Pad3)">
      <node ref="U3" pin="6"/>
      <node ref="J2" pin="3"/>
    </net>
    <net code="53" name="Net-(U4-Pad14)">
      <node ref="U4" pin="14"/>
    </net>
    <net code="54" name="Net-(U4-Pad16)">
      <node ref="U4" pin="16"/>
    </net>
    <net code="55" name="Net-(U4-Pad17)">
      <node ref="U4" pin="17"/>
    </net>
    <net code="56" name="Net-(D8-Pad1)">
      <node ref="R16" pin="1"/>
      <node ref="D8" pin="1"/>
    </net>
    <net code="57" name="Net-(U3-Pad16)">
      <node ref="U3" pin="16"/>
    </net>
    <net code="58" name="Net-(U3-Pad4)">
      <node ref="U3" pin="4"/>
    </net>
    <net code="59" name="Net-(U3-Pad12)">
      <node ref="U3" pin="12"/>
    </net>
    <net code="60" name="Net-(U3-Pad14)">
      <node ref="U3" pin="14"/>
    </net>
    <net code="61" name="Net-(D7-Pad1)">
      <node ref="D7" pin="1"/>
      <node ref="R15" pin="1"/>
    </net>
    <net code="62" name="Net-(R15-Pad2)">
      <node ref="U3" pin="11"/>
      <node ref="R15" pin="2"/>
    </net>
    <net code="63" name="Net-(R16-Pad2)">
      <node ref="R16" pin="2"/>
      <node ref="U3" pin="5"/>
    </net>
    <net code="64" name="Net-(C12-Pad1)">
      <node ref="C12" pin="1"/>
      <node ref="U5" pin="20"/>
    </net>
    <net code="65" name="Net-(U5-Pad7)">
      <node ref="U5" pin="7"/>
    </net>
    <net code="66" name="Net-(C11-Pad1)">
      <node ref="U5" pin="10"/>
      <node ref="C11" pin="1"/>
    </net>
    <net code="67" name="Net-(U5-Pad6)">
      <node ref="U5" pin="6"/>
    </net>
    <net code="68" name="Net-(U5-Pad12)">
      <node ref="U5" pin="12"/>
    </net>
    <net code="69" name="Net-(U5-Pad11)">
      <node ref="U5" pin="11"/>
    </net>
    <net code="70" name="Net-(U5-Pad1)">
      <node ref="U5" pin="1"/>
    </net>
    <net code="71" name="I2C1_SCL">
      <node ref="R6" pin="2"/>
      <node ref="U5" pin="23"/>
      <node ref="U4" pin="61"/>
    </net>
    <net code="72" name="I2C1_SDA">
      <node ref="U5" pin="24"/>
      <node ref="R18" pin="2"/>
      <node ref="U4" pin="62"/>
    </net>
    <net code="73" name="Net-(U4-Pad9)">
      <node ref="U4" pin="9"/>
    </net>
    <net code="74" name="Net-(U4-Pad10)">
      <node ref="U4" pin="10"/>
    </net>
    <net code="75" name="Net-(U4-Pad8)">
      <node ref="U4" pin="8"/>
    </net>
    <net code="76" name="Net-(U4-Pad29)">
      <node ref="U4" pin="29"/>
    </net>
    <net code="80" name="Net-(J4-Pad8)">
      <node ref="J4" pin="8"/>
    </net>
    <net code="81" name="Net-(J4-Pad7)">
      <node ref="J4" pin="7"/>
    </net>
    <net code="82" name="+3V3">
      <node ref="U1" pin="2"/>
      <node ref="C4" pin="2"/>
      <node ref="D1" pin="2"/>
      <node ref="U4" pin="1"/>
      <node ref="C5" pin="1"/>
      <node ref="D8" pin="2"/>
      <node ref="D7" pin="2"/>
      <node ref="U5" pin="8"/>
      <node ref="U4" pin="64"/>
      <node ref="U4" pin="48"/>
      <node ref="U4" pin="32"/>
      <node ref="U4" pin="19"/>
      <node ref="C18" pin="1"/>
      <node ref="C7" pin="1"/>
      <node ref="J4" pin="1"/>
      <node ref="R25" pin="2"/>
      <node ref="U3" pin="1"/>
      <node ref="U5" pin="13"/>
      <node ref="R6" pin="1"/>
      <node ref="R18" pin="1"/>
      <node ref="C9" pin="1"/>
      <node ref="C19" pin="1"/>
      <node ref="J5" pin="2"/>
      <node ref="J3" pin="4"/>
      <node ref="R17" pin="1"/>
      <node ref="U4" pin="13"/>
    </net>
    <net code="83" name="Net-(C21-Pad1)">
      <node ref="U4" pin="6"/>
      <node ref="C21" pin="1"/>
      <node ref="Y1" pin="3"/>
    </net>
    <net code="84" name="Net-(C20-Pad1)">
      <node ref="Y1" pin="1"/>
      <node ref="C20" pin="1"/>
      <node ref="U4" pin="5"/>
    </net>
    <net code="85" name="Net-(Q3-Pad1)">
      <node ref="R12" pin="2"/>
      <node ref="Q3" pin="1"/>
      <node ref="R11" pin="2"/>
    </net>
    <net code="86" name="Net-(C8-Pad2)">
      <node ref="Q3" pin="3"/>
      <node ref="C8" pin="2"/>
      <node ref="D5" pin="2"/>
      <node ref="M3" pin="2"/>
    </net>
    <net code="87" name="Net-(Q4-Pad1)">
      <node ref="Q4" pin="1"/>
      <node ref="R14" pin="2"/>
      <node ref="R13" pin="2"/>
    </net>
    <net code="88" name="Net-(C17-Pad2)">
      <node ref="C17" pin="2"/>
      <node ref="D6" pin="2"/>
      <node ref="Q4" pin="3"/>
      <node ref="M4" pin="2"/>
    </net>
    <net code="89" name="Net-(D1-Pad1)">
      <node ref="D1" pin="1"/>
      <node ref="R7" pin="2"/>
    </net>
    <net code="90" name="Net-(D2-Pad1)">
      <node ref="D2" pin="1"/>
      <node ref="R8" pin="2"/>
    </net>
    <net code="91" name="GND">
      <node ref="C9" pin="2"/>
      <node ref="C22" pin="2"/>
      <node ref="R12" pin="1"/>
      <node ref="SW1" pin="1"/>
      <node ref="C19" pin="2"/>
      <node ref="C18" pin="2"/>
      <node ref="Q2" pin="2"/>
      <node ref="R10" pin="1"/>
      <node ref="Q1" pin="2"/>
      <node ref="R3" pin="1"/>
      <node ref="C11" pin="2"/>
      <node ref="U5" pin="18"/>
      <node ref="U1" pin="1"/>
      <node ref="C4" pin="1"/>
      <node ref="C12" pin="2"/>
      <node ref="U5" pin="9"/>
      <node ref="Y1" pin="2"/>
      <node ref="C10" pin="1"/>
      <node ref="C7" pin="2"/>
      <node ref="U4" pin="60"/>
      <node ref="J3" pin="9"/>
      <node ref="J3" pin="6"/>
      <node ref="J3" pin="10"/>
      <node ref="J3" pin="11"/>
      <node ref="C5" pin="2"/>
      <node ref="J5" pin="3"/>
      <node ref="R7" pin="1"/>
      <node ref="Q4" pin="2"/>
      <node ref="R14" pin="1"/>
      <node ref="Q3" pin="2"/>
      <node ref="U4" pin="12"/>
      <node ref="U4" pin="63"/>
      <node ref="U4" pin="47"/>
      <node ref="U4" pin="31"/>
      <node ref="U4" pin="18"/>
      <node ref="C6" pin="2"/>
      <node ref="J2" pin="6"/>
      <node ref="J2" pin="5"/>
      <node ref="C3" pin="2"/>
      <node ref="R8" pin="1"/>
      <node ref="J1" pin="1"/>
      <node ref="R5" pin="2"/>
      <node ref="J4" pin="9"/>
      <node ref="J4" pin="5"/>
      <node ref="J4" pin="3"/>
      <node ref="Y1" pin="4"/>
      <node ref="U3" pin="13"/>
      <node ref="U3" pin="17"/>
      <node ref="U3" pin="3"/>
      <node ref="C20" pin="2"/>
      <node ref="C21" pin="2"/>
    </net>
    <net code="92" name="Net-(Q1-Pad1)">
      <node ref="R1" pin="2"/>
      <node ref="Q1" pin="1"/>
      <node ref="R3" pin="2"/>
    </net>
    <net code="93" name="Net-(C1-Pad2)">
      <node ref="C1" pin="2"/>
      <node ref="D3" pin="2"/>
      <node ref="M1" pin="2"/>
      <node ref="Q1" pin="3"/>
    </net>
    <net code="94" name="NRST">
      <node ref="U4" pin="7"/>
      <node ref="J4" pin="10"/>
      <node ref="SW1" pin="2"/>
      <node ref="R17" pin="2"/>
    </net>
    <net code="95" name="Net-(C2-Pad2)">
      <node ref="C2" pin="2"/>
      <node ref="D4" pin="2"/>
      <node ref="Q2" pin="3"/>
      <node ref="M2" pin="2"/>
    </net>
    <net code="96" name="Net-(Q2-Pad1)">
      <node ref="R9" pin="2"/>
      <node ref="R10" pin="2"/>
      <node ref="Q2" pin="1"/>
    </net>
  </nets>
</export>
